title,subtitle,rating,reviewCount,category,attributes,address,plusCode,website,phoneNumber,monday,tuesday,wednesday,thursday,friday,saturday,sunday,imgUrl,isClaimed,latitude,longitude,query,timestamp
Cryo Mk,,5,3,Physical therapy clinic,,Boulevard 8-mi Septemvri 6  Skopje 1000  North Macedonia,XCX3+GJ Skopje North Macedonia,cryo.mk,+389 70 205 137,8AM-8PM,8AM-8PM,8AM-8PM,8AM-8PM,8AM-8PM,Closed,Closed,https://lh5.googleusercontent.com/p/AF1QipP1vJPdk6poOz3f43lCbftEBOx2_EdjEaWYaNKW=w408-h612-k-no,TRUE,41.9988125,21.4040625,,2020-11-09T09:33:21.171Z
Denica Eye Clinic,,4.5,24,Hospital,,MK  Varsavska 6  Skopje 1000  North Macedonia,2C22+6J Skopje North Macedonia,denica.mk,+389 2 306 8288,8AM-8PM,8AM-8PM,8AM-8PM,8AM-8PM,8AM-8PM,8AM-2PM,Closed,,TRUE,42.0005625,21.4015625,,2020-11-09T09:33:22.772Z
Newborn Clinic,,5,19,Fertility clinic,,Boulevard Ilinden 107  Skopje 1000  North Macedonia,2C45+HR Skopje North Macedonia,newborn.mk,+389 2 273 4350,9AM-5PM,9AM-5PM,9AM-5PM,9AM-5PM,9AM-5PM,9AM-4PM,Closed,https://lh5.googleusercontent.com/p/AF1QipOvL8IamIjNsM212Zm_Ywb2afl4lmRGP5eQx1_G=w408-h271-k-no,TRUE,42.0064375,21.4095625,,2020-11-09T09:33:24.528Z
Department of Neurophysiology,,,,Medical clinic,,Ul  Belgradska bb  Skopje 1000  1000  North Macedonia,XCPF+VH Skopje North Macedonia,,,,,,,,,,,FALSE,41.9871875,21.4239375,,2020-11-09T09:33:26.062Z
PZU Fizioplus Medika - fizikalna terapija i rehabilitacija,,5,3,Physical therapy clinic,,Ferid Murati∏  5/1 5  Skopje 1000  North Macedonia,2C8P+82 Skopje North Macedonia,fizioplusmedika.mk,+389 78 355 788,9AM-7PM,9AM-7PM,9AM-7PM,9AM-7PM,9AM-7PM,9AM-2PM,Closed,,TRUE,42.0158125,21.4350625,,2020-11-09T09:33:27.587Z
ONE Polyclinic Skopje,,5,1,Medical clinic,,MK  Mother Teresa 17 lok.5  Skopje 1000  North Macedonia,XCRC+GV Skopje North Macedonia,onehospital.mk,+389 44 344 414,,,,,,,,,FALSE,41.9913125,21.4221875,,2020-11-09T09:33:29.459Z
Bioinformatics,,,,Medical clinic,,Todor Aleksandrov 111  Skopje 1000  North Macedonia,XCJC+RJ Skopje North Macedonia,bioinformatics.mk,+389 78 364 499,12-8PM,12-8PM,9AM-5PM,9AM-5PM,9AM-5PM,Closed,Closed,,FALSE,41.9820625,21.4215625,,2020-11-09T09:33:30.946Z
101 Foot Clinic,,3,2,Medical clinic,,Ljubljanska 6  Skopje 1000  North Macedonia,294V+92 Skopje North Macedonia,101foot.mk,+389 78 270 954,10AM-6PM,10AM-6PM,10AM-6PM,10AM-6PM,10AM-6PM,10AM-3PM,Closed,,TRUE,42.0059375,21.3925625,,2020-11-09T09:33:32.505Z
Dr. Iskra,,5,1,Medical clinic,,Majakovski  Skopje 1000  North Macedonia,2C28+FF Skopje North Macedonia,driskra.mk,+389 2 322 2209,10AM-6PM,10AM-6PM,10AM-6PM,10AM-6PM,10AM-6PM,Closed,Closed,,FALSE,42.0011875,21.4161875,,2020-11-09T09:33:34.067Z
""" Mental Health Clinic ""Mladost""",,,,Mental health clinic,,Blvd. Partizanski Odredi 55  Skopje 1000  North Macedonia,2C27+3J Skopje North Macedonia,,,8AM-5PM,8AM-5PM,8AM-5PM,8AM-5PM,8AM-5PM,Closed,Closed,,FALSE,42.0001875,21.4140625,,2020-11-09T09:33:35.852Z
INTERPLUS DENTAL CLINIC,,5,5,Dental clinic,,MK  Ankarska 21  Skopje 1000  North Macedonia,XCW5+XF Skopje North Macedonia,,+389 78 201 024,8AM-3PM,8AM-3PM,1-9PM,1-9PM,8AM-3PM,Closed,Closed,,TRUE,41.9974375,21.4086875,,2020-11-09T09:33:38.803Z
PZU DR.LIDIJA ARSOVSKA,,4.2,5,Physical therapy clinic,,MK  Tome Arsovski St 49  Skopje 1000  North Macedonia,XCMM+3Q Skopje North Macedonia,,+389 75 440 271,11AM-7PM,11AM-7PM,11AM-7PM,11AM-7PM,11AM-7PM,Closed,Closed,,FALSE,41.9826875,21.4344375,,2020-11-09T09:33:40.652Z
Clinical Center Mother Theresa,,2.8,99,Medical clinic,,Skopje 1000  North Macedonia,XCQF+98 Skopje North Macedonia,zdravstvo.gov.mk,+389 2 314 7147,Open 24 hours,Open 24 hours,Open 24 hours,Open 24 hours,Open 24 hours,Open 24 hours,Open 24 hours,,FALSE,41.9884375,21.4233125,,2020-11-09T09:33:42.168Z
Private Medical Clinic VISAR,,4.3,6,Medical clinic,,Pance Nedelkovski∏ 75  Skopje 1000  North Macedonia,2C7V+68 Skopje North Macedonia,,+389 2 261 5587,8AM-10PM,8AM-10PM,8AM-10PM,8AM-10PM,8AM-10PM,9AM-9PM,12-2PM,,TRUE,42.0130625,21.4433125,,2020-11-09T09:33:43.699Z
DR.SRBO - PZU ANGELOVSKI,,5,3,Physical therapy clinic,,Mitropolit Teodosij Gologanov 57  Skopje 1000  North Macedonia,XCV9+RV Skopje North Macedonia,akupunkturolog.blogspot.com,+389 75 558 811,8AM-3PM,8AM-3PM,8AM-3PM,8AM-3PM,8AM-3PM,Closed,Closed,,TRUE,41.9945625,21.4196875,,2020-11-09T09:33:45.372Z
PZU Primaterapi,,,,Physical therapy clinic,,Maksim Gorki 8/3  Maksim Gorki  Skopje 1000  North Macedonia,XCWG+RH Skopje North Macedonia,primaterapi.com.mk,+389 2 322 3314,8AM-8PM,8AM-8PM,8AM-8PM,8AM-8PM,8AM-8PM,10AM-3PM,Closed,https://maps.gstatic.com/tactile/pane/default_geocode-1x.png,FALSE,41.9970625,21.4264375,,2020-11-09T09:33:46.887Z
101 Hair Clinic,,,,Medical clinic,,Ljubljanska 6  Skopje 1000  North Macedonia,294V+92 Skopje North Macedonia,101hair.mk,+389 78 270 954,10AM-6PM,10AM-6PM,10AM-6PM,10AM-6PM,10AM-6PM,10AM-3PM,Closed,,TRUE,42.0059375,21.3925625,,2020-11-09T09:33:47.907Z
JZU UK za ocni bolesti,,,,Ophthalmology clinic,,Centar  Skopje 1000  North Macedonia,XCWF+4R Skopje North Macedonia,,,,,,,,,,,FALSE,41.9953125,21.4245625,,2020-11-09T09:33:49.401Z
KinetoArt,,5,1,Physical therapy clinic,,Elisie Popovski Marko 57  Skopje 1000  North Macedonia,XCR7+6M Skopje North Macedonia,,+389 77 749 509,10AM-10PM,10AM-10PM,10AM-10PM,10AM-10PM,10AM-10PM,10AM-8PM,10AM-8PM,,TRUE,41.9905625,21.4141875,,2020-11-09T09:33:51.345Z
Poliklinika Shkupi,,5,3,Medical clinic,,Brsjacka Buna br.22   Skopje 1000  North Macedonia,2CMG+QM Skopje North Macedonia,,+389 2 614 8100,8AM-9PM,10AM-9PM,8AM-9PM,10AM-9PM,8AM-9PM,10AM-3PM,Closed,,FALSE,42.0344375,21.4266875,,2020-11-09T09:33:54.277Z
Clinic of Gastrointestinal Surgery,,,,Medical clinic,,Mother Teresa  Skopje 1000  North Macedonia,XCQC+QV Skopje North Macedonia,,,Open 24 hours,Open 24 hours,Open 24 hours,Open 24 hours,Open 24 hours,Open 24 hours,Open 24 hours,https://maps.gstatic.com/tactile/pane/default_geocode-1x.png,FALSE,41.9894375,21.4221875,,2020-11-09T09:33:55.835Z
University Clinic For Infectious Diseases & Febrile Conditions,,1,1,Medical clinic,,Mother Teresa 17  Skopje 1000  North Macedonia,XCQG+57 Skopje North Macedonia,infektivnaklinika.mk,+389 2 322 8224,,,,,,,,,FALSE,41.9879375,21.4256875,,2020-11-09T09:33:57.330Z
Ultramedika,,5,2,Medical Center,,MK  Boulevard Ilinden 97  Skopje 1000  North Macedonia,2C47+FX Skopje North Macedonia,ultramedica.com.mk,+389 2 306 7447,,,,,,,,,TRUE,42.0061875,21.4149375,,2020-11-09T09:33:59.364Z
Centar za bolka masaza i telesno zdravje Dr. Mancheva,,,,Physical therapy clinic,,1/3  Volgogradska 4  Skopje 1000  North Macedonia,294Q+6Q Skopje North Macedonia,,+389 77 646 064,10AM-7PM,10AM-7PM,10AM-7PM,10AM-7PM,10AM-7PM,10AM-3PM,Closed,,FALSE,42.0055625,21.3894375,,2020-11-09T09:34:00.772Z
101 Body Clinic,,,,Medical clinic,,Ljubljanska 6  Skopje 1000  North Macedonia,294V+92 Skopje North Macedonia,,+389 78 270 954,10AM-6PM,10AM-6PM,10AM-6PM,10AM-6PM,10AM-6PM,10AM-3PM,Closed,,TRUE,42.0059375,21.3925625,,2020-11-09T09:34:02.182Z
Ortodoncija d-r Maja,,4.7,3,Dental clinic,,Orce Nikolov 142  Skopje 1000  North Macedonia,2C38+HF Skopje North Macedonia,zk.mk,+389 2 317 8122,11AM-7PM,11AM-7PM,8AM-4PM,8AM-4PM,8AM-4PM,Closed,Closed,,FALSE,42.0039375,21.4161875,,2020-11-09T09:34:03.673Z
SeMed,,5,1,Community health centre,,MK  Bledski Dogovor 2  Skopje 1000  North Macedonia,2C32+5V Skopje North Macedonia,,+389 75 253 025,7:30AM-7:30PM,7:30AM-7:30PM,7:30AM-7:30PM,7:30AM-7:30PM,7:30AM-7:30PM,Closed,Closed,,TRUE,42.0029375,21.4021875,,2020-11-09T09:34:05.345Z
PZU Multimedika,,,,Medical clinic,,Mito Hadzivasilev Jasmin St  Skopje 1000  North Macedonia,XCWG+MF Skopje North Macedonia,,+389 2 323 1882,8AM-6PM,8AM-6PM,8AM-6PM,8AM-6PM,8AM-6PM,Closed,Closed,https://maps.gstatic.com/tactile/pane/default_geocode-1x.png,FALSE,41.9966875,21.4261875,,2020-11-09T09:34:06.771Z
Zan Mitrev Clinic,,3.9,93,Hospital,,Bledski Dogovor 8  Skopje 1000  North Macedonia,2C33+M7 Skopje North Macedonia,zmc.mk,+389 2 309 1484,Open 24 hours,Open 24 hours,Open 24 hours,Open 24 hours,Open 24 hours,Open 24 hours,Open 24 hours,,TRUE,42.0041875,21.4031875,,2020-11-09T09:34:08.337Z
Skinfinity,,,,Skin care clinic,,Jordan mijalkov 4 MK  Zgrada MedikaS 4 Kat  Skopje 1000  North Macedonia,XCRF+PH Skopje North Macedonia,skinfinity.mk,+389 70 228 143,9AM-8PM,9AM-8PM,9AM-8PM,9AM-8PM,9AM-8PM,9AM-3PM,Closed,,TRUE,41.9918125,21.4239375,,2020-11-09T09:34:10.272Z
Ordinanca Fizioterapeutike Neuro-Reha,,5,2,Physical therapy clinic,,Skopje 1000  North Macedonia,2C9W+82 Skopje North Macedonia,,+389 71 728 908,9AM-6PM,9AM-6PM,9AM-6PM,9AM-6PM,9AM-6PM,9AM-6PM,Closed,,FALSE,42.0183125,21.4450625,,2020-11-09T09:34:11.773Z
JZU Orthopedic Clinic - Majchin Dom,,3.8,5,Orthopedic clinic,,Bulevar ASNOM  Skopje 1000  North Macedonia,XFQ6+HW Skopje North Macedonia,,+389 2 246 0559,7:30AM-3:30PM,7:30AM-3:30PM,7:30AM-3:30PM,7:30AM-3:30PM,7:30AM-3:30PM,Closed,Closed,,FALSE,41.9889375,21.4623125,,2020-11-09T09:34:13.505Z
Centar za mentalno zdravje,,,,Mental health clinic,,Blvd. Partizanski Odredi 55  Skopje 1000  North Macedonia,2C27+C2 Skopje North Macedonia,,,8AM-4PM,8AM-4PM,8AM-4PM,8AM-4PM,8AM-4PM,Closed,Closed,,FALSE,42.0010625,21.4125625,,2020-11-09T09:34:14.916Z
Ginekovita,,5,13,Obstetrician-gynecologist,,Bagdatska 36  (Borka Talevski 68/1)  Skopje 1000  North Macedonia,XCX5+4J Skopje North Macedonia,,,7AM-3PM,12-8PM,7AM-3PM,12-8PM,7AM-3PM,Closed,Closed,,TRUE,41.9978125,21.4090625,,2020-11-09T09:34:16.280Z
European Ophtalmology Clinic,,4,54,Eye care center,,Sremski Front 1  Skopje 1000  North Macedonia,283W+P2 Skopje North Macedonia,eeh.mk,+389 2 205 0999,,,,,,,,,FALSE,42.0043125,21.3450625,,2020-11-09T09:34:17.792Z
ELAN - Center for Therapy & Education,,,,Physical therapy clinic,,MK  Strasho Pindjur 7 / 1 - 6  Skopje 1000  North Macedonia,XCRV+CH Skopje North Macedonia,,,,,,,,,,,FALSE,41.9910625,21.4439375,,2020-11-09T09:34:19.201Z
Endomak Dental Clinic Skopje,,4.3,35,Dental clinic,,Vladimir Komarov 18 a Lokal 8 MK  Skopje 1000  North Macedonia,XFQ3+G4 Skopje North Macedonia,endomak.mk,+389 2 245 6333,9AM-6PM,9AM-6PM,9AM-6PM,9AM-6PM,9AM-6PM,Closed,Closed,,TRUE,41.9888125,21.4528125,,2020-11-09T09:34:21.202Z
Dental Clinic Margita Smileva,,4.8,30,Dental clinic,,MK  Gancho Hadzipanzov 18  Skopje 1000  North Macedonia,XCR6+W2 Skopje North Macedonia,dentalclinic.mk,+389 70 579 834,9AM-8:30PM,9AM-8:30PM,9AM-8:30PM,9AM-8:30PM,9AM-8:30PM,9AM-3PM,Closed,,TRUE,41.9923125,21.4100625,,2020-11-09T09:34:22.770Z
Sistina Ophthalmology,,4.4,25,Hospital,,MK  Skupi 5a  Skopje 1000  North Macedonia,2C73+JF Skopje North Macedonia,sistinaoftalmologija.mk,+389 2 309 7000,8AM-8PM,8AM-8PM,8AM-8PM,8AM-8PM,8AM-8PM,Closed,Closed,,TRUE,42.0140625,21.4036875,,2020-11-09T09:34:24.751Z
Bela Dent,,,,Dental clinic,,Ivan Agovski Ivan Agovski  Skopje 1000  Ivan Agovski Ivan Agovski  Skopje 1000  North Macedonia,2C26+QH Skopje North Macedonia,,,9AM-7PM,9AM-7PM,9AM-7PM,9AM-7PM,9AM-7PM,Closed,Closed,,FALSE,42.0019375,21.4114375,,2020-11-09T09:34:27.650Z
Viva Medika,,5,5,Physical therapy clinic,,Boulevard Kuzman Josifovski Pitu 15  Skopje 1000  North Macedonia,XCQX+RR Skopje North Macedonia,,+389 2 246 7777,8AM-6PM,8AM-6PM,8AM-6PM,8AM-6PM,8AM-6PM,Closed,Closed,,FALSE,41.9895625,21.4495625,,2020-11-09T09:34:29.230Z
Dr.GoodNight,,,,Sleep clinic,,MK  Mother Teresa 35 1/1  Skopje 1000  North Macedonia,XCRC+5R Skopje North Macedonia,drgoodnight.mk,+389 75 455 454,9AM-5PM,9AM-5PM,9AM-5PM,9AM-5PM,9AM-5PM,Closed,Closed,,TRUE,41.9904375,21.4220625,,2020-11-09T09:34:30.645Z
Gaspar Centar,,,,Mental health service,,MK  Milan Markovich 48  Skopje 1000  North Macedonia,XCV2+9C Skopje North Macedonia,gasparcentar.com,+389 71 375 700,9AM-8PM,9AM-8PM,9AM-8PM,9AM-8PM,9AM-8PM,9AM-3PM,Closed,,TRUE,41.9934375,21.4010625,,2020-11-09T09:34:32.122Z
Dental Office Kotev Dr.Ane,,,,Dental clinic,,Kozle 93  Skopje 1000  North Macedonia,X9WV+2Q Skopje North Macedonia,kotevdental.com.mk,+389 76 231 657,,,,,,,,,FALSE,41.9950625,21.3944375,,2020-11-09T09:34:33.534Z
IN DENT - Family Dental Clinic,,5,4,Dental clinic,,Fevruarski Pohod 60 loc.2  Skopje 1000  North Macedonia,XFMM+QP Skopje North Macedonia,business.site,+389 70 696 201,8AM-8PM,8AM-8PM,8AM-8PM,8AM-8PM,8AM-8PM,9AM-2PM,Closed,,TRUE,41.9844375,21.4843125,,2020-11-09T09:34:35.409Z
Medikas,,4.9,10,Medical Center,,MK  Jordan Mijalkov 4  Skopje 1000  North Macedonia,XCRF+QG Skopje North Macedonia,medikas.com.mk,+389 2 324 6006,7AM-3PM,7AM-3PM,7AM-3PM,7AM-3PM,7AM-3PM,Closed,Closed,,TRUE,41.9919375,21.4238125,,2020-11-09T09:34:37.028Z
Stomatoloska ordinacija D-r Sanja Dent,,,,Dental clinic,,ul Vlae br. 56  Skopje 1000  North Macedonia,294G+W4 Skopje North Macedonia,,,,,,,,,,,FALSE,42.0073125,21.3753125,,2020-11-09T09:34:38.532Z
Titan dent,,,,Dental clinic,,Ivan Agovski 12  Skopje 1000  North Macedonia,2C36+FQ Skopje North Macedonia,,,,,,,,,,,FALSE,42.0036875,21.4119375,,2020-11-09T09:34:39.905Z
Poliklinika Saraj Medikal,,5,1,Medical clinic,,Ul. 20 br.77  Skopje MK  1000  North Macedonia,X8XG+5H Skopje North Macedonia,,+389 2 205 7775,,,,,,,,https://maps.gstatic.com/tactile/pane/default_geocode-1x.png,FALSE,41.9979375,21.3264375,,2020-11-09T09:34:41.842Z
Blvd Partizanski Odredi 113B,,,,Dental clinic,,MK  Blvd Partizanski Odredi 113B  Skopje 1000  North Macedonia,293R+4F Skopje North Macedonia,,,,,,,,,,https://maps.gstatic.com/tactile/pane/default_geocode-1x.png,FALSE,42.0028125,21.3911875,,2020-11-09T09:34:43.392Z
Prodenta Dental Practice,,5,2,Dental clinic,,Reonski Centar Aerodrom 1613str. 6/3 Skopje MK  1000  North Macedonia,XFJC+6J Skopje North Macedonia,prodenta.mk,+389 75 607 070,9AM-8PM,9AM-8PM,9AM-8PM,9AM-8PM,9AM-8PM,9AM-8PM,Closed,,TRUE,41.9805625,21.4715625,,2020-11-09T09:34:44.903Z
Dental clinic Dr.Kovacevska,,5,10,Dental clinic,,Mother Teresa 2  Skopje 1000  North Macedonia,XCRF+Q5 Skopje North Macedonia,,+389 2 312 1011,9AM-7:30PM,9AM-7:30PM,9AM-7:30PM,9AM-7:30PM,9AM-7:30PM,9AM-2PM,Closed,,TRUE,41.9919375,21.4229375,,2020-11-09T09:34:46.934Z
Pop Acevi Dental Clinic,,5,1,Dental clinic,,8-mi Mart 8a  Skopje 1000  North Macedonia,2C2F+RV Skopje North Macedonia,,+389 78 202 032,9AM-8PM,9AM-8PM,9AM-8PM,9AM-8PM,9AM-8PM,Closed,Closed,,TRUE,42.0020625,21.4246875,,2020-11-09T09:34:48.505Z
Psychotherapist Sinergija,,5,1,Psychotherapist,,Orce Nikolov 190 - 3/4  Skopje 1000  North Macedonia,2C45+C3 Skopje North Macedonia,institutsinergija.com,+389 70 257 783,9AM-2PM 5-9PM,9AM-2PM 5-9PM,9AM-2PM 5-9PM,9AM-2PM 5-9PM,9AM-2PM 5-9PM,Closed,Closed,,FALSE,42.0060625,21.4076875,,2020-11-09T09:34:50.086Z
Polyclinic Dr Lozankovski,,4,4,Doctor,,Veljko Vlahovic 16 a-1  Skopje 1000  North Macedonia,XCWG+CV Skopje North Macedonia,lozankovski.com.mk,+389 2 312 0017,8AM-8PM,8AM-8PM,8AM-8PM,8AM-8PM,8AM-8PM,Closed,Closed,https://maps.gstatic.com/tactile/pane/default_geocode-1x.png,TRUE,41.9960625,21.4271875,,2020-11-09T09:34:51.723Z
Neokorteks-Centar za Psihoterapija Psihodijagnostika Trening i Edukacija,,5,11,Psychologist,,Bul. Jane Sandanski Br. 11 1/25 MK  Skopje 1000  North Macedonia,XFQ6+W4 Skopje North Macedonia,neocortex.mk,+389 75 273 768,10AM-6PM,10AM-6PM,10AM-6PM,10AM-6PM,10AM-6PM,Closed,Closed,,TRUE,41.9898125,21.4603125,,2020-11-09T09:34:53.329Z
Ordinanca Stomatologjike F-Dent,,5,1,Dental clinic,,MK  John Kennedy 27-1/1  Skopje 1000  North Macedonia,2C7M+4P Skopje North Macedonia,,+389 70 532 343,10AM-8PM,10AM-8PM,10AM-8PM,10AM-8PM,10AM-8PM,Closed,Closed,,TRUE,42.0128125,21.4343125,,2020-11-09T09:34:54.888Z
"Dental Polyclinic ""GJORGJIOSKI""",,,,Dental clinic,,Boulevard 3-ta Makedonska Brigada br.31-1/2  Skopje 1000  North Macedonia,XCMX+RW Skopje North Macedonia,spg.mk,+389 2 247 0048,8:30AM-8PM,8:30AM-8PM,8:30AM-8PM,8:30AM-8PM,8:30AM-8PM,Closed,Closed,https://geo1.ggpht.com/cbk?panoid=P9XnHaEVwasG-g7GHZFTGQ&output=thumbnail&cb_client=search.gws-prod.gps&thumb=2&w=408&h=240&yaw=27.713522&pitch=0&thumbfov=100,TRUE,41.9845625,21.4498125,,2020-11-09T09:34:56.459Z
PZU Tvoe Zdravje,,4.8,6,Doctor,,CHEDOMIR MINDEROVIK  Skopje  North Macedonia,XCXG+Q8 Skopje North Macedonia,,+389 72 603 232,8AM-9PM,8AM-9PM,8AM-9PM,8AM-9PM,8AM-9PM,9AM-2PM,Closed,,TRUE,41.9994375,21.4258125,,2020-11-09T09:34:58.205Z
Kognicija,,,,Psychologist,,Varsavska  Skopje 1000  North Macedonia,XCX2+R9 Skopje North Macedonia,kognicija.mk,+389 70 249 494,,,,,,,,,FALSE,41.9995625,21.4009375,,2020-11-09T09:35:00.734Z
Dental office,,,,Dental clinic,,Bul. Partizanski Odredi  Skopje 1000  North Macedonia,2C32+76 Skopje North Macedonia,,+389 2 306 2090,,,,,,,,,FALSE,42.0031875,21.4005625,,2020-11-09T09:35:02.766Z
PZU NUR-Specijalisticka Ordinacija Po Fizikalna Medicina I Rehabilitacija,,5,1,Physical therapy clinic,,Metodija Andonov - Chento  Skopje  North Macedonia,2G65+RX Skopje North Macedonia,,+389 75 461 112,8AM-4PM,8AM-4PM,8AM-4PM,8AM-4PM,8AM-4PM,Closed,Closed,,FALSE,42.0120625,21.5099375,,2020-11-09T09:35:04.272Z
Biostart DOOEL Skopje,,,,Diagnostic center,,Ul. Makedonija No. 22/2  Skopje 1000  North Macedonia,XCVJ+XG Skopje North Macedonia,biostart.mk,+389 2 311 1595,9AM-5PM,9AM-5PM,9AM-5PM,9AM-5PM,9AM-5PM,Closed,Closed,https://maps.gstatic.com/tactile/pane/default_geocode-1x.png,FALSE,41.9949375,21.4313125,,2020-11-09T09:35:05.713Z
NOVA DENTAL GROUP,,4,1,Dental clinic,,Skopje 1000  North Macedonia,2959+5F Skopje North Macedonia,novadental.com.mk,+389 2 206 0666,,,,,,,,,FALSE,42.0079375,21.3686875,,2020-11-09T09:35:07.177Z
PZU ANADENT D-R GENCHOVSKA,,5,2,Dental clinic,,Sava Kovachevikj  Portokalova zgrada Ilinden Cesma  Kisela voda br1 lamela 1  lokal 3  Skopje 1000 Skopje MK  1000  North Macedonia,XCPQ+2H Skopje North Macedonia,,+389 78 335 010,11:30AM-7:30PM,11:30AM-7:30PM,11:30AM-7:30PM,11:30AM-7:30PM,9AM-5PM,Closed,Closed,,TRUE,41.9850625,21.4389375,,2020-11-09T09:35:08.998Z
Medodent Dental Clinic,,,,Dental clinic,,Arhiepiskop Dositej 18a  Skopje 1000  North Macedonia,2CCQ+4X Skopje North Macedonia,,+389 2 261 4722,10AM-8PM,10AM-8PM,10AM-8PM,10AM-8PM,10AM-8PM,10AM-2PM,Closed,,FALSE,42.0203125,21.4399375,,2020-11-09T09:35:10.597Z
Mediana Dental,,5,8,Dental clinic,,Salvador Aljende 73/1  Todor Aleksandrov 85/1  Skopje 1000  North Macedonia,XCMC+8W Skopje North Macedonia,medianadental.com,+389 2 317 6003,Open 24 hours,9AM-5PM,9AM-5PM,9AM-5PM,9AM-5PM,12-5PM,Closed,https://lh5.googleusercontent.com/p/AF1QipNQuOYdxIozUkoMZeJceWYlfmqUV7av11QVeRI-=w408-h272-k-no,TRUE,41.9833125,21.4223125,,2020-11-09T09:35:12.097Z
Dento-Medical,,5,1,Dental clinic,,Karposh  Skopje 1000  North Macedonia,293P+J3 Skopje North Macedonia,,,,,,,,,,,FALSE,42.0040625,21.3851875,,2020-11-09T09:35:13.552Z
VEGA Smile Solutions,,5,6,Dental clinic,,MK  Kozara 33  Skopje 1000  North Macedonia,XCR9+G2 Skopje North Macedonia,vega.mk,+389 2 321 0222,8AM-8PM,8AM-8PM,8AM-8PM,8AM-8PM,8AM-8PM,Closed,Closed,,TRUE,41.9913125,21.4175625,,2020-11-09T09:35:14.991Z
Dr. Dzambazovski Clinic,,,,Medical clinic,,ul.52  Volkovo  North Macedonia,28MR+VX Volkovo North Macedonia,,,,,,,,,,https://maps.gstatic.com/tactile/pane/default_geocode-1x.png,FALSE,42.0346875,21.3424375,,2020-11-09T09:35:16.467Z
PZU Helio Medika 2,,5,1,Mental health service,,Bul J.Sandanski 59 Skopje MK  1000  North Macedonia,XCW3+RF Skopje North Macedonia,business.site,+389 2 245 5884,,,,,,,,,FALSE,41.9970625,21.4036875,,2020-11-09T09:35:18.059Z
Dr. Nedevi,,4,1,Dental clinic,,MK  Stiv Naumov 102-б  Skopje 1000  North Macedonia,XCRP+4J Skopje North Macedonia,fb.me,+389 70 255 231,9AM-4PM,9AM-4PM,9AM-4PM,9AM-4PM,9AM-4PM,9AM-12PM,Closed,,FALSE,41.9903125,21.4365625,,2020-11-09T09:35:20.111Z
Slavej,,,,Orthotics & prosthetics service,,Vasil Gjorgov 47  Skopje 1000  North Macedonia,XCV6+7H Skopje North Macedonia,slavej.mk,+389 2 321 7633,8AM-4PM,8AM-4PM,8AM-4PM,8AM-4PM,8AM-4PM,Closed,Closed,,FALSE,41.9931875,21.4114375,,2020-11-09T09:35:21.851Z
Centar za Bioinformatika,,5,14,Hospital,,Todor Aleksandrov 111  Skopje 1000  North Macedonia,XCG4+7M Skopje North Macedonia,bioinformatics.mk,+389 78 364 499,9AM-5PM,9AM-5PM,9AM-5PM,9AM-5PM,9AM-5PM,Closed,Closed,,TRUE,41.9756875,21.4066875,,2020-11-09T09:35:24.007Z
Pro-Ortos Medical,,,,Orthotics & prosthetics service,,MK  Mother Teresa 35 lok.1  Skopje 1000  North Macedonia,XCRC+5R Skopje North Macedonia,business.site,+389 75 276 357,,,,,,,,,TRUE,41.9904375,21.4220625,,2020-11-09T09:35:24.931Z
Dentina,,5,1,Dental clinic,,MK  Resenska 3  Skopje 1000  North Macedonia,2CCR+2F Skopje North Macedonia,,+389 2 263 5222,9AM-8PM,9AM-8PM,9AM-8PM,9AM-8PM,9AM-8PM,Closed,Closed,,TRUE,42.0200625,21.4411875,,2020-11-09T09:35:26.462Z
Medika Centar,,5,1,Vascular surgeon,,Skupi 22  Skopje 1000  North Macedonia,299M+63 Skopje North Macedonia,,+389 2 309 5090,9AM-9PM,9AM-9PM,9AM-9PM,9AM-9PM,9AM-9PM,9AM-9PM,9AM-9PM,,TRUE,42.0180625,21.3826875,,2020-11-09T09:35:27.956Z
"Dental clinic with laboratory ""DENTICIJA""",,,,Dental clinic,,MK  Vasil Gjorgov 18/2-5  Skopje 1000  North Macedonia,XCV9+48 Skopje North Macedonia,,+389 2 311 8435,10AM-8PM,10AM-8PM,10AM-8PM,10AM-8PM,10AM-8PM,10AM-1PM,Closed,,TRUE,41.9928125,21.4183125,,2020-11-09T09:35:29.584Z
DrAfrim,,2,1,Dental clinic,,Skopje 1000  North Macedonia,2C4R+5M Skopje North Macedonia,drafrim.com,+389 2 261 8614,9AM-7PM,9AM-7PM,9AM-7PM,9AM-7PM,9AM-7PM,Closed,Closed,,FALSE,42.0054375,21.4416875,,2020-11-09T09:35:31.393Z
Eterna LHC,,5,21,Dental clinic,,Orce Nikolov 190 1/1  Skopje 1000  North Macedonia,2C44+8X Skopje North Macedonia,eternalhc.mk,+389 2 309 1470,8AM-8PM,8AM-8PM,8AM-8PM,8AM-8PM,8AM-8PM,9AM-2PM,Closed,,TRUE,42.0058125,21.4074375,,2020-11-09T09:35:34.243Z
Licina Dent,,,,Dental clinic,,MK  Vtora Makedonska Brigada 80  Skopje 1000  North Macedonia,2CCP+VV Skopje North Macedonia,,+389 2 613 8662,10AM-6PM,10AM-6PM,10AM-6PM,10AM-6PM,10AM-6PM,10AM-3PM,Closed,,FALSE,42.0221875,21.4371875,,2020-11-09T09:35:35.873Z
Dental Care Dr. Lukanoski,,4.7,12,Dental clinic,,TC Leptokarija  Nikola Rusinski 3b  Skopje 1000  North Macedonia,293X+J5 Skopje North Macedonia,lukanoski.mk,+389 2 307 9958,8AM-8PM,8AM-8PM,8AM-8PM,8AM-8PM,8AM-8PM,8AM-2PM,Closed,,TRUE,42.0040625,21.3979375,,2020-11-09T09:35:37.366Z
OMNIDENT,,,,Dental clinic,,Chedomir Minderovik 30  Skopje 1000  North Macedonia,XCXF+XX Skopje North Macedonia,,+389 70 267 002,10AM-6PM,10AM-6PM,10AM-6PM,10AM-6PM,10AM-6PM,Closed,Closed,,TRUE,41.9999375,21.4249375,,2020-11-09T09:35:38.902Z
Farmakologija,,,,Medical diagnostic imaging center,,Unnamed Road  Skopje 1000  North Macedonia,XCRF+4G Skopje North Macedonia,,,,,,,,,,https://maps.gstatic.com/tactile/pane/default_geocode-1x.png,FALSE,41.9903125,21.4238125,,2020-11-09T09:35:40.286Z
Mandala - Psiholoshko Katche,,,,Psychotherapist,,37 1-6  Hristo Smirnenski  Skopje 1000  North Macedonia,XCW7+PV Skopje North Macedonia,psiholoshkokatche.mk,+389 72 311 677,12-8PM,12-8PM,12-8PM,12-8PM,12-8PM,Closed,Closed,,FALSE,41.9968125,21.4146875,,2020-11-09T09:35:42.172Z
EM-Dent&Emergjenca&Em-Farm (Dr.Xhaferi),,5,1,Medical clinic,,Street 4 MK  1052  North Macedonia,WGFM+52 Studenichani North Macedonia,,+389 70 903 057,9AM-9PM,9AM-9PM,9AM-9PM,9AM-9PM,9AM-9PM,9AM-5PM,10:30AM-5PM,,TRUE,41.9229375,21.5325625,,2020-11-09T09:35:43.573Z
D-r Lukic,,,,Dental clinic,,Blvd. Partizanski Odredi 87  Skopje 1000  North Macedonia,2C23+JX Skopje North Macedonia,lukic.mk,+389 2 306 6198,9AM-5PM,9AM-5PM,9AM-5PM,9AM-5PM,9AM-5PM,Closed,Closed,,FALSE,42.0015625,21.4049375,,2020-11-09T09:35:45.573Z
Promedika Oftalmologija,,,,Eye care center,,Ss Cyril & Methodius 50  Skopje 1000  North Macedonia,XCVG+67 Skopje North Macedonia,,,,,,,,,,,FALSE,41.9930625,21.4256875,,2020-11-09T09:35:47.022Z
PHI Veritas Medikus,,,,Children Policlinic,,Ruger Boshkovikj 10  Skopje 1000  North Macedonia,2C36+FV Skopje North Macedonia,,,,,,,,,,,FALSE,42.0036875,21.4121875,,2020-11-09T09:35:48.678Z
Getaldus,,,,Eye care center,,Moskovska 5  Skopje 1000  North Macedonia,292R+M5 Skopje North Macedonia,getaldus.mk,+389 2 322 2190,,,,,,,,,FALSE,42.0016875,21.3904375,,2020-11-09T09:35:50.140Z
Meri-Dent,,,,Dental clinic,,Skopje 1000  North Macedonia,XCXQ+WF Skopje North Macedonia,,+389 2 311 4130,11AM-6:30PM,11AM-6:30PM,11AM-6:30PM,11AM-6:30PM,11AM-6:30PM,Closed,Closed,https://maps.gstatic.com/tactile/pane/default_geocode-1x.png,FALSE,41.9998125,21.4386875,,2020-11-09T09:35:51.608Z
Stomatoloska ordinacija Carcev-Cortanoski,,4.7,17,Dental clinic,,ul. 6  lok 2  Varsavska  Skopje 1000  North Macedonia,2C23+36 Skopje North Macedonia,ccdent.mk,+389 72 270 553,8:30AM-7:30PM,8:30AM-7:30PM,8:30AM-7:30PM,8:30AM-7:30PM,8:30AM-7:30PM,Closed,Closed,,TRUE,42.0001875,21.4030625,,2020-11-09T09:35:53.514Z
PZU D-r Milanovski,,,,Dental clinic,,MK  Boulevard Jane Sandanski  Skopje 1000  North Macedonia,XFM9+68 Skopje North Macedonia,,+389 78 218 457,11AM-7PM,11AM-7PM,11AM-7PM,11AM-7PM,11AM-7PM,Closed,Closed,,TRUE,41.9830625,21.4683125,,2020-11-09T09:35:54.973Z
BIOTEK Laboratory,,4.8,17,Medical laboratory,,MK  Vasil Gjorgov no.12  Skopje 1000  North Macedonia,XCVC+2G Skopje North Macedonia,bioteklab.com.mk,+389 78 394 829,7:30AM-4PM,7:30AM-4PM,7:30AM-4PM,7:30AM-4PM,7:30AM-4PM,8AM-3PM,Closed,,TRUE,41.9925625,21.4213125,,2020-11-09T09:35:56.501Z
PZU LAZARUS,,,,Psychiatrist,,Mother Teresa 6  Skopje 1000  North Macedonia,XCX7+VQ Skopje North Macedonia,,+389 2 616 6880,10AM-6PM,10AM-6PM,10AM-6PM,10AM-6PM,10AM-6PM,Closed,Closed,,FALSE,41.9996875,21.4144375,,2020-11-09T09:35:58.060Z
PZU Mircevi - Terziovski,,,,Dental clinic,,Mirche Orovchanec 1  Skopje 1000  North Macedonia,XCX7+WG Skopje North Macedonia,,+389 2 324 5270,8AM-4PM,12-8PM,12-8PM,8AM-4PM,8AM-4PM,Closed,Closed,,FALSE,41.9998125,21.4138125,,2020-11-09T09:35:59.634Z
Dental office D-r Alabakovski,,,,Dental clinic,,st.Roza Luksemburg no. 19  Skopje 1000  North Macedonia,XCW8+47 Skopje North Macedonia,,+389 2 204 6405,,,,,,,,,FALSE,41.9953125,21.4156875,,2020-11-09T09:36:01.169Z
Dentamed D-r Kemal Huseinoski,,,,Dental clinic,,ul. Kosturska broj 2 / 3 - 4 Skopje MK  1000  North Macedonia,2CFV+CJ Skopje North Macedonia,dentamed.eu.mk,+389 75 259 125,,,,,,,,,TRUE,42.0235625,21.4440625,,2020-11-09T09:36:02.700Z
Stomatoloska ordinacija D-r Nina,,4.3,18,Dental clinic,,Bulevar ASNOM lokal 9  Skopje 1000  North Macedonia,XFQ9+H6 Skopje North Macedonia,drnina.mk,+389 2 243 0188,,,,,,,,,FALSE,41.9889375,21.4680625,,2020-11-09T09:36:04.571Z
Psychotherapy Services,,,,Psychotherapist,,MK  Nikola Parapunov 11  Skopje 1000  North Macedonia,294J+7X Skopje North Macedonia,,+389 75 665 449,,,,,,,,,FALSE,42.0056875,21.3824375,,2020-11-09T09:36:07.937Z
Stomatološka ordinacija HAMI AKUDENT,,5,2,Dental clinic,,Boulevard Krste Petkov Misirkov 13/5  Skopje 1000  North Macedonia,2C2Q+5Q Skopje North Macedonia,,+389 70 843 451,8:30AM-7PM,8:30AM-7PM,8:30AM-7PM,8:30AM-7PM,8:30AM-7PM,9AM-3PM,Closed,,TRUE,42.0004375,21.4394375,,2020-11-09T09:36:09.846Z
Magniflex,,4.8,20,Mattress store,,Naum Naumovski Borche 87a  Skopje 1000  North Macedonia,2C2F+R5 Skopje North Macedonia,magniflex.com.mk,+389 78 700 222,10AM-8PM,10AM-8PM,10AM-8PM,10AM-8PM,10AM-8PM,9AM-4:30PM,Closed,,TRUE,42.0020625,21.4229375,,2020-11-09T09:36:11.470Z
Dental Tourism Macedonia,,,,Dental clinic,,MK  Pandil Shishkov 10  Skopje 1000  North Macedonia,XFP2+5F Skopje North Macedonia,dentaltourismmacedonia.com,+389 78 379 217,10AM-8PM,10AM-8PM,10AM-8PM,10AM-8PM,10AM-8PM,11AM-8PM,Closed,https://lh5.googleusercontent.com/p/AF1QipMh4bKHmlz7WAzbjFJpIzP0bzWargiQaZcSNKtO=w408-h306-k-no,TRUE,41.9854375,21.4511875,,2020-11-09T09:36:13.275Z
Atlas Relax,,1,1,Medical group,,Blvd. Partizanski Odredi 155  Skopje 1000  North Macedonia,2959+5G Skopje North Macedonia,,+389 70 999 141,,,,,,,,,FALSE,42.0079375,21.3688125,,2020-11-09T09:36:15.106Z
PZU Dr.Efrem Trpkov,,5,2,Dental clinic,,Koce Metalec 1gj  Koce Metalec  Skopje 1000  North Macedonia,2F55+VX Skopje North Macedonia,,+389 70 367 333,9AM-5PM,9AM-5PM,9AM-5PM,9AM-5PM,9AM-5PM,9AM-5PM,Closed,,FALSE,42.0096875,21.4599375,,2020-11-09T09:36:16.497Z
PZU Dr Ilija Karamanov,,5,3,Dental clinic,,MK  Hristo Tatarchev 47 Skopje 1000  North Macedonia,XCGV+MQ Skopje North Macedonia,,+389 75 277 599,8:30AM-7:30PM,8:30AM-7:30PM,8:30AM-3PM,8:30AM-7:30PM,8:30AM-7:30PM,Closed,Closed,,TRUE,41.9766875,21.4444375,,2020-11-09T09:36:17.949Z
Derman Dent,,5,1,Dental clinic,,MK  John Kennedy 9B  Skopje 1000  North Macedonia,2C7Q+65 Skopje North Macedonia,dermandent.com,+389 2 261 4664,9AM-7PM,9AM-7PM,9AM-7PM,9AM-7PM,9AM-7PM,10AM-2PM,Closed,,TRUE,42.0130625,21.4379375,,2020-11-09T09:36:19.422Z
Psychotherapist Aspekti Skopje,,5,1,Psychotherapist,,Mother Teresa 44  Skopje 1000  North Macedonia,XCQ9+MF Skopje North Macedonia,aspekti.mk,+389 71 878 706,,,,,,,,,TRUE,41.9891875,21.4186875,,2020-11-09T09:36:22.272Z
PZU DENTONIK,,4,1,Dental clinic,,Bul. Vidoe Smilevski Bato 3 Lokal 7 MK  1000  North Macedonia,Бул. Видое Смилевски Бато бр. 3 Локал 7 Скопје MK 1000 North Macedonia,,+389 70 517 400,10AM-6PM,10AM-6PM,10AM-6PM,10AM-6PM,10AM-6PM,Closed,Closed,,TRUE,41.9824375,21.4726875,,2020-11-09T09:36:23.974Z
Karadent Skopje,,5,3,Dental clinic,,Frederic Chopin 12  Skopje 1000  North Macedonia,XCPJ+FQ Skopje North Macedonia,karadent.mk,+389 2 311 2989,8:45AM-8PM,8:45AM-8PM,8:45AM-8PM,8:45AM-8PM,8:45AM-8PM,8:45AM-1:30PM,Closed,,FALSE,41.9861875,21.4319375,,2020-11-09T09:36:27.892Z
DALIJA - Stomatoloshka Ordinacija,,5,1,Dental clinic,,Moskovska 7 - lokal 5  Skopje 1000  North Macedonia,292R+Q3 Skopje North Macedonia,,+389 70 749 787,9AM-8PM,9AM-8PM,9AM-8PM,9AM-8PM,9AM-8PM,Closed,Closed,,FALSE,42.0019375,21.3901875,,2020-11-09T09:36:29.408Z
Avicena Laboratory,,4.4,54,Medical laboratory,,Boulevard 8-mi Septemvri  Skopje 1000  North Macedonia,XCX3+3M Skopje North Macedonia,avicenalab.com.mk,+389 2 317 9001,7AM-7:30PM,7AM-7:30PM,7AM-7:30PM,7AM-7:30PM,7AM-7:30PM,7AM-7PM,Closed,,TRUE,41.9976875,21.4041875,,2020-11-09T09:36:31.104Z
Histolab,,4.4,43,Diagnostic center,,50-ta Divizija 34  Skopje 1000  North Macedonia,XCQG+FR Skopje North Macedonia,histolab.com.mk,+389 2 317 6324,9AM-7PM,9AM-7PM,9AM-7PM,9AM-7PM,9AM-7PM,Closed,Closed,,FALSE,41.9886875,21.4270625,,2020-11-09T09:36:32.892Z
PSU Ortodont D-r Chonevska,,5,2,Dentist,,Jurij Gagarin br.51 lok 3  Kozle  Skopje 1000  North Macedonia,X9WX+H7 Skopje North Macedonia,pzuortodont.business.site,+389 71 227 904,12-8PM,12-8PM,8AM-4PM,12-8PM,8AM-4PM,Closed,Closed,,TRUE,41.9964375,21.3981875,,2020-11-09T09:36:34.467Z
Psychological Office Tatjana Takashmanova Sokolovska PhD,,5,1,Psychologist,,Rilski Kongres 51  Skopje 1000  North Macedonia,XCMH+2Q Skopje North Macedonia,drtakashmanova.mk,+389 2 270 0265,10AM-1PM 2-6PM,10AM-1PM 2-6PM,10AM-1PM 2-6PM,10AM-1PM 2-6PM,10AM-1PM 2-6PM,10AM-3PM,Closed,,FALSE,41.9825625,21.4294375,,2020-11-09T09:36:36.302Z
PZU Anadent d-r Genchovska,,5,1,Dental clinic,,Hristo Tatarchev br.1 lam.1.lok 3 Chesma MK  1000  North Macedonia,XCPQ+3G Skopje North Macedonia,business.site,+389 78 335 010,11:30AM-7:30PM,11:30AM-7:30PM,11:30AM-7:30PM,11:30AM-7:30PM,9AM-5PM,Closed,Closed,,TRUE,41.9851875,21.4388125,,2020-11-09T09:36:37.880Z
Dentist Office D-r Lidija Markovski,,,,Dentist,,Blvd. Partizanski Odredi  Skopje 1000  North Macedonia,2C26+4M Skopje North Macedonia,,+389 2 306 6885,10AM-3PM 5:30-8PM,10AM-3PM 5:30-8PM,10AM-3PM 5:30-8PM,10AM-3PM 5:30-8PM,10AM-3PM 5:30-8PM,Closed,Closed,,TRUE,42.0003125,21.4116875,,2020-11-09T09:36:39.292Z
Dental office - CHAKAR,,4.2,29,Dental clinic,,Mitropolit Teodosij Gologanov 59  Skopje 1000  North Macedonia,XCV9+RV Skopje North Macedonia,,+389 2 322 9682,9AM-8PM,9AM-8PM,9AM-8PM,9AM-8PM,9AM-8PM,9AM-2PM,Closed,,FALSE,41.9945625,21.4196875,,2020-11-09T09:36:41.730Z
ProgenZ,,,,Engineering consultant,,1 / 9  11 Oktomvri broj 19  Skopje 1000  North Macedonia,XCRM+RQ Skopje North Macedonia,progenz.biz,+389 2 324 5056,8AM-4PM,8AM-4PM,8AM-4PM,8AM-4PM,8AM-4PM,Closed,Closed,,TRUE,41.9920625,21.4344375,,2020-11-09T09:36:43.308Z
Avicena dijagnostika,,5,2,Diagnostic center,,ul. 1551 broj 5B MK  Skopje 1000  North Macedonia,29QV+M3 Skopje North Macedonia,avicena.com.mk,+389 2 307 9700,8:30AM-4:30PM,8:30AM-4:30PM,8:30AM-4:30PM,8:30AM-4:30PM,8:30AM-4:30PM,Closed,Closed,,TRUE,42.0391875,21.3926875,,2020-11-09T09:36:44.777Z
Zdravstvena ambulanta Avtokomanda,,,,Urgent care center,,Skopje 1000  North Macedonia,2F38+X9 Skopje North Macedonia,,,,,,,,,,,FALSE,42.0049375,21.4659375,,2020-11-09T09:36:46.216Z
DentiMax Dental Office,,5,1,Dental clinic,,9-ti Maj  Skopje 1000  North Macedonia,XCW8+J7 Skopje North Macedonia,dentimax.mk,+389 70 787 070,9AM-8PM,9AM-8PM,9AM-8PM,9AM-8PM,9AM-8PM,9AM-2PM,Closed,,TRUE,41.9965625,21.4156875,,2020-11-09T09:36:47.934Z
Vizus,,5,5,Ophthalmologist,,Macedonia  Skopje 1000  North Macedonia,XCWJ+49 Skopje North Macedonia,vizus.com.mk,+389 2 322 6631,9AM-9PM,9AM-9PM,9AM-9PM,9AM-9PM,9AM-9PM,10AM-5PM,Closed,,TRUE,41.9953125,21.4309375,,2020-11-09T09:36:49.979Z
Stomatoloska ordinacija Dentallica Dentistry,,4.8,45,Dental clinic,,ul. 1613 br. 11 Skopje MK  1000  North Macedonia,XFHG+JF Skopje North Macedonia,business.site,+389 70 930 085,12-8PM,12-8PM,12-8PM,12-8PM,12-8PM,Closed,Closed,,TRUE,41.9790625,21.4761875,,2020-11-09T09:36:51.399Z
Kruna MS,,1,1,Dental clinic,,2/2 GTC Kej 13ti Noemvri  Skopje 1000  North Macedonia,XCVM+XW Skopje North Macedonia,krunams.com.mk,+389 2 316 6919,9AM-8PM,9AM-8PM,9AM-8PM,9AM-8PM,9AM-8PM,9AM-2PM,Closed,,TRUE,41.9949375,21.4348125,,2020-11-09T09:36:52.875Z
PREMIUM DENT D-r. Ilija Videski,,5,10,Dentist,,MK  Vasil Gjorgov  Skopje 1000  North Macedonia,XCVC+3C Skopje North Macedonia,premiumdent.com.mk,+389 70 444 111,9AM-7PM,9AM-7PM,9AM-7PM,9AM-7PM,9AM-7PM,Closed,Closed,,TRUE,41.9926875,21.4210625,,2020-11-09T09:36:54.298Z
PZU Dent El Stomatoloska Ordinacija,,,,Dental clinic,,Kukuska 11  Skopje 1000  North Macedonia,2C2G+MQ Skopje North Macedonia,,+389 78 445 384,,,,,,,,,FALSE,42.0016875,21.4269375,,2020-11-09T09:36:55.772Z
VIK DENTAL,,,,Dental clinic,,Boulevard Saint Clement of Ohrid 2  Skopje 1000  North Macedonia,XCWF+PV Skopje North Macedonia,newpages.com.mk,+389 2 311 2886,,,,,,,,,FALSE,41.9968125,21.4246875,,2020-11-09T09:36:57.278Z
Dental Cosmetic Studio,,,,Dental clinic,,Nevena Georgieva - Dunja 10  Skopje 1000  North Macedonia,XCPM+CJ Skopje North Macedonia,,+389 78 456 031,10AM-6PM,10AM-6PM,10AM-6PM,10AM-6PM,10AM-6PM,Closed,Closed,,TRUE,41.9860625,21.4340625,,2020-11-09T09:36:59.091Z
Stomatoloska ordinacija Dr Slobodan Stankovski,,5,1,Dental clinic,,Prashka 13  Skopje 1000  North Macedonia,X9XX+74 Skopje North Macedonia,,+389 70 268 269,,,,,,,,,FALSE,41.9981875,21.3978125,,2020-11-09T09:37:00.636Z
PZU D-r PETI,,,,Dental clinic,,Tetovska 35  Skopje 1000  North Macedonia,XCRP+7V Skopje North Macedonia,,+389 70 777 961,10AM-6PM,10AM-6PM,10AM-6PM,10AM-6PM,10AM-6PM,Closed,Closed,https://maps.gstatic.com/tactile/pane/default_geocode-1x.png,TRUE,41.9906875,21.4371875,,2020-11-09T09:37:02.173Z
Nova Dental Group Clinic,,3,1,Hospital,,Skopje 1000  North Macedonia,2C23+46 Skopje North Macedonia,novadental.com.mk,+389 2 206 0999,9AM-8PM,9AM-8PM,9AM-8PM,9AM-8PM,9AM-8PM,9AM-5PM,Closed,,FALSE,42.0003125,21.4030625,,2020-11-09T09:37:03.697Z
PZU Denta Estetika Tim,,5,2,Dental clinic,,Skopje 1000  North Macedonia,XCMM+XQ Skopje North Macedonia,dentaes.mk,+389 2 277 4918,9AM-9PM,9AM-9PM,9AM-9PM,9AM-9PM,9AM-9PM,Closed,Closed,,FALSE,41.9849375,21.4344375,,2020-11-09T09:37:05.291Z
Bio Save,,,,Blood bank,,Mitropolit Teodosij Gologanov 54/1-1  Skopje 1000  North Macedonia,XCV8+WQ Skopje North Macedonia,biosave.mk,+389 2 311 1121,9AM-5PM,9AM-5PM,9AM-5PM,9AM-5PM,9AM-5PM,Closed,Closed,,TRUE,41.9948125,21.4169375,,2020-11-09T09:37:06.777Z
Pop Acevi,,,,Dental clinic,,8-mi Mart 8a  Skopje 1000  North Macedonia,2C3R+55 Skopje North Macedonia,,+389 2 313 1401,9AM-8PM,9AM-8PM,9AM-8PM,9AM-8PM,9AM-8PM,Closed,Closed,,FALSE,42.0029375,21.4404375,,2020-11-09T09:37:08.369Z
VILDENT,,4.9,26,Dental clinic,,Varsavska  Skopje 1000  North Macedonia,292X+3M Skopje North Macedonia,vildent.mk,+389 2 264 0603,9AM-8PM,9AM-8PM,9AM-8PM,9AM-8PM,9AM-8PM,9AM-1PM,Closed,,FALSE,42.0001875,21.3991875,,2020-11-09T09:37:10.233Z
"Qendra Ortopedike ""Ortopro ETER""",,5,3,Hospital,,Boca Ivanovska  Skopje 1000  North Macedonia,2CHQ+84 Skopje North Macedonia,ortoproeter.com.mk,+389 2 262 2543,8:30AM-4:30PM,8:30AM-4:30PM,8:30AM-4:30PM,8:30AM-4:30PM,8:30AM-4:30PM,Closed,Closed,,TRUE,42.0283125,21.4378125,,2020-11-09T09:37:12.427Z
DENTAL CARE-stomatoloska ordinacija,,5,1,Dental clinic,,Metodija Shatorov-Sharlo 23/2  Skopje 1000  North Macedonia,XFP4+MQ Skopje North Macedonia,,+389 70 386 882,,,,,,,,,TRUE,41.9866875,21.4569375,,2020-11-09T09:37:15.546Z
Lydia - A Beating Heart,,,,Family counselor,,11th October St. 44/ 2 - 2  Skopje 1000  North Macedonia,XCQP+93 Skopje North Macedonia,lidija.com.mk,+389 70 231 781,10:30AM-5PM,10:30AM-5PM,10:30AM-5PM,10:30AM-5PM,10:30AM-5PM,Closed,Closed,,FALSE,41.9884375,21.4351875,,2020-11-09T09:37:17.073Z
Mozaik Sovetuvaliste,,5,3,Psychologist,,Gjorgji Sugare 4  Skopje 1000  North Macedonia,XCHW+P8 Skopje North Macedonia,mozaik-sovetuvaliste.mk,+389 75 221 102,9AM-5PM,9AM-5PM,9AM-5PM,9AM-5PM,9AM-5PM,Closed,Closed,https://lh5.googleusercontent.com/p/AF1QipMqYYwh9TmUpOaLIPFd97vGgphf6T5BJikdFEA=w427-h240-k-no,TRUE,41.9793125,21.4458125,,2020-11-09T09:37:18.810Z
PZU Kalinka,,3,2,Child psychologist,,2b  Naselba Vlae   Franc Rozman  Skopje 1000  North Macedonia,295C+8R Skopje North Macedonia,,+389 2 206 0196,8AM-4PM,8AM-4PM,8AM-4PM,8AM-4PM,8AM-4PM,10AM-1PM,Closed,,TRUE,42.0083125,21.3720625,,2020-11-09T09:37:20.696Z
Public Health Facility - Prolet,,3.1,7,Public health department,,3rd Macedonian Brigade Blvd 18  Skopje 1000  North Macedonia,XCQR+2H Skopje North Macedonia,,+389 2 329 8488,,,,,,,,,FALSE,41.9875625,21.4414375,,2020-11-09T09:37:22.170Z
Denta Lux Skopje,,5,18,Dental clinic,,Blazo Orlandikj 26A Lisiche  Skopje 1000  North Macedonia,XFG8+J6 Skopje North Macedonia,,+389 2 243 6806,,,,,,,,,TRUE,41.9765625,21.4655625,,2020-11-09T09:37:23.644Z
Dental Art,,5,16,Dental clinic,,Adolf Ciborovski St 20/2A  Skopje 1000  North Macedonia,XCX7+MP Skopje North Macedonia,dental-art.com.mk,+389 78 254 030,9AM-8PM,9AM-8PM,9AM-8PM,9AM-8PM,9AM-8PM,Closed,Closed,,TRUE,41.9991875,21.4143125,,2020-11-09T09:37:25.074Z
Dental Macedonia,,,,Dental clinic,,Mito Hadzivasilev-Jasmin  Skopje 1000  North Macedonia,XCVG+GP Skopje North Macedonia,,+389 78 822 318,9AM-5PM,9AM-5PM,9AM-5PM,9AM-5PM,9AM-5PM,9AM-2PM,Closed,https://maps.gstatic.com/tactile/pane/default_geocode-1x.png,FALSE,41.9938125,21.4268125,,2020-11-09T09:37:26.637Z
DENT THALIA Opsta so Oralna Hirurgija,,5,1,Dental clinic,,Krste Asenov 14  Skopje 1000  North Macedonia,2C8W+VV Skopje North Macedonia,business.site,+389 71 226 633,9AM-8PM,9AM-8PM,9AM-8PM,9AM-8PM,9AM-8PM,9AM-3PM,Closed,,TRUE,42.0171875,21.4471875,,2020-11-09T09:37:28.014Z
Vizia - Eye center,,4.3,22,Eye care center,,1  Nikola Parapunov  Skopje  North Macedonia,294M+G2 Skopje North Macedonia,vizia.com.mk,+389 2 309 2030,8AM-7PM,8AM-7PM,8AM-7PM,8AM-7PM,8AM-7PM,9AM-1PM,Closed,,TRUE,42.0063125,21.3825625,,2020-11-09T09:37:29.683Z
PZU Ortodoncija ñ Stomatoloska ordinacija,,5,1,Dental clinic,,Ograzden 2-1/12  Skopje 1000  North Macedonia,294W+CJ Skopje North Macedonia,,+389 2 307 1728,9AM-12PM 5-8PM,9AM-12PM 5-8PM,9AM-12PM 5-8PM,9AM-12PM 5-8PM,9AM-12PM 5-8PM,9AM-12PM,Closed,,FALSE,42.0060625,21.3965625,,2020-11-09T09:37:31.549Z
Dental Studio Dentistico - Dr. Nineska,,4.7,27,Dental clinic,,Boulevard Jane Sandanski 15  Skopje 1000  North Macedonia,XFQ7+77 Skopje North Macedonia,dentistskopje.com,+389 71 327 957,11AM-7PM,11AM-7PM,11AM-7PM,11AM-7PM,11AM-7PM,11AM-3PM,Closed,,TRUE,41.9881875,21.4631875,,2020-11-09T09:37:33.811Z
University Clinic for Hematology,,4,4,University hospital,,Mother Teresa 17  Skopje 1000  North Macedonia,XCQC+7C Skopje North Macedonia,hematologija.org.mk,+389 2 311 1749,Open 24 hours,Open 24 hours,Open 24 hours,Open 24 hours,Open 24 hours,Open 24 hours,Open 24 hours,,FALSE,41.9881875,21.4210625,,2020-11-09T09:37:35.220Z
Stomatoloska Ordinacija DENTIKO,,5,1,Dental clinic,,ul. Meckin Kamen  Skopje 1000  North Macedonia,284X+WX Skopje North Macedonia,,+389 78 395 211,10AM-8PM,10AM-8PM,10AM-8PM,10AM-8PM,10AM-8PM,9AM-1PM,Closed,,FALSE,42.0073125,21.3499375,,2020-11-09T09:37:36.634Z
Rentgen Tolovski,,4,22,Medical diagnostic imaging center,,Dimche Mirchev  Skopje 1000  North Macedonia,XCQH+PH Skopje North Macedonia,tolovski.com.mk,+389 2 311 0003,8AM-7PM,8AM-7PM,8AM-7PM,8AM-7PM,8AM-7PM,9AM-2PM,Closed,,FALSE,41.9893125,21.4289375,,2020-11-09T09:37:38.313Z
University Clinic for Maxillofacial Surgery,,5,3,University hospital,,Vodnjanska 17  Skopje 1000  North Macedonia,XCQF+JH Skopje North Macedonia,,+389 2 316 3371,Open 24 hours,Open 24 hours,Open 24 hours,Open 24 hours,Open 24 hours,Open 24 hours,Open 24 hours,https://maps.gstatic.com/tactile/pane/default_geocode-1x.png,FALSE,41.9890625,21.4239375,,2020-11-09T09:37:39.807Z
Ekstra Dental,,5,1,Dental clinic,,ul. Metodija Shatorov Sharlo br.12  Skopje 1000  North Macedonia,XFP4+66 Skopje North Macedonia,ekstra-dental.business.site,+389 71 243 349,,,,,,,,,TRUE,41.9855625,21.4555625,,2020-11-09T09:37:41.277Z
P.Z.U D-r Kristijan,,5,2,Dental clinic,,Bardovtsi  North Macedonia,29GH+8X Bardovtsi North Macedonia,,+389 71 350 394,10AM-6PM,10AM-6PM,10AM-6PM,10AM-6PM,10AM-6PM,Closed,Closed,,TRUE,42.0258125,21.3799375,,2020-11-09T09:37:43.208Z
OZONE Hair Clinic MK,,,,Hospital,,Xhon Kenedi 27  Skopie 1000  Skopie 1000  North Macedonia,2C7M+3C Skopje North Macedonia,,+389 71 763 776,,,,,,,,,FALSE,42.0126875,21.4335625,,2020-11-09T09:37:44.740Z
University Clinic of Radiotherapy & Oncology,,4.3,3,University hospital,,Mother Teresa  Skopje 1000  North Macedonia,XCRC+3C Skopje North Macedonia,oncology.org.mk,+389 2 314 7874,,,,,,,,,FALSE,41.9901875,21.4210625,,2020-11-09T09:37:46.697Z
University Clinic of Psychiatry,,3.7,3,University hospital,,Mother Teresa 17  Skopje 1000  North Macedonia,XCPG+PJ Skopje North Macedonia,,+389 2 311 2579,,,,,,,,,FALSE,41.9868125,21.4265625,,2020-11-09T09:37:49.474Z
University Clinic Of Dermatovenerology,,,,Hospital,,Skopje 1000  North Macedonia,XCQC+84 Skopje North Macedonia,,,,,,,,,,https://maps.gstatic.com/tactile/pane/default_geocode-1x.png,FALSE,41.9883125,21.4203125,,2020-11-09T09:37:51.043Z
University Clinic for Pediatric Diseases,,5,1,University hospital,,Mother Teresa Str. 17  Skopje 1000  North Macedonia,XCQC+2J Skopje North Macedonia,ukdetskibolesti.mk,+389 2 322 9156,Open 24 hours,Open 24 hours,Open 24 hours,Open 24 hours,Open 24 hours,Open 24 hours,Open 24 hours,,FALSE,41.9875625,21.4215625,,2020-11-09T09:37:52.678Z
Pzu Markoski,,5,1,Dental clinic,,Rudi Chajavec 37  Skopje 1000  North Macedonia,XCQX+FR Skopje North Macedonia,,+389 2 246 4411,8AM-7PM,8AM-7PM,8AM-7PM,8AM-7PM,8AM-7PM,8AM-2PM,Closed,,TRUE,41.9886875,21.4495625,,2020-11-09T09:37:55.185Z
Tree Dental,,5,3,Dental clinic,,Boulevard Kuzman Josifovski Pitu 22  Skopje 1000  North Macedonia,XCQX+P2 Skopje North Macedonia,,,,,,,,,,,FALSE,41.9893125,21.4475625,,2020-11-09T09:37:56.772Z
Picasso Dental Studio,,5,3,Dental clinic,,Boulevard Jane Sandanski 107-2-1  Skopje 1000  North Macedonia,XFMC+M7 Skopje North Macedonia,,+389 2 609 0979,10AM-7PM,10AM-7PM,10AM-7PM,10AM-7PM,10AM-7PM,Closed,Closed,,FALSE,41.9841875,21.4706875,,2020-11-09T09:37:58.406Z
Civkaroski,,,,Family counselor,,Hristo Tatarchev 47 k  Skopje 1000  North Macedonia,XCGW+HW Skopje North Macedonia,,+389 77 602 007,,,,,,,,,TRUE,41.9764375,21.4473125,,2020-11-09T09:38:00.031Z
University Clinic of Gastroenterohepatology,,5,1,Hospital,,Majka Tereza 17  Centar  Skopje 1000  North Macedonia,XCQC+87 Skopje North Macedonia,,,Open 24 hours,Open 24 hours,Open 24 hours,Open 24 hours,Open 24 hours,Open 24 hours,Open 24 hours,https://maps.gstatic.com/tactile/pane/default_geocode-1x.png,FALSE,41.9883125,21.4206875,,2020-11-09T09:38:01.459Z
Tehnolab ltd Skopje,,,,Environmental consultant,,bvd.Kuzman Josifovski Pitu  Boulevard Kuzman Josifovski Pitu 28/3-24  Skopje 1000  North Macedonia,XCQX+CW Skopje North Macedonia,tehnolab.com.mk,+389 2 244 8058,8AM-4PM,8AM-4PM,8AM-4PM,8AM-4PM,8AM-4PM,Closed,Closed,,FALSE,41.9885625,21.4498125,,2020-11-09T09:38:03.221Z
Poliklinika Blagoevski,,4.2,5,Dental clinic,,Skopje 1000  North Macedonia,XCPM+2J Skopje North Macedonia,blagoevski.com.mk,+389 70 341 990,,,,,,,,,FALSE,41.9850625,21.4340625,,2020-11-09T09:38:04.669Z
Dental & facial aesthetic clinic D-r Bibi Rizes,,,,Doctor,,Maksim Gorki 8  Skopje 1000  North Macedonia,XCWG+RJ Skopje North Macedonia,,,,,,,,,,https://maps.gstatic.com/tactile/pane/default_geocode-1x.png,FALSE,41.9970625,21.4265625,,2020-11-09T09:38:06.578Z
RZTK Hemiska laboratorija,,5,2,X-ray lab,,Gemidziska  Skopje 1000  North Macedonia,2F87+V9 Skopje North Macedonia,rztk.com.mk,+389 2 328 7691,,,,,,,,https://maps.gstatic.com/tactile/pane/default_geocode-1x.png,FALSE,42.0171875,21.4634375,,2020-11-09T09:38:08.032Z
PZU Dr. Zikica Gjorgjievski | Stomatoloska Ordinacija - Zabar | Stomatolog,,5,6,Dental clinic,,Voin Drashkovikj no. 33  Skopje 1000  North Macedonia,2939+MX Skopje North Macedonia,dentist.com.mk,+389 2 615 2948,8AM-9PM,8AM-9PM,8AM-9PM,8AM-9PM,8AM-9PM,8AM-7PM,Closed,,TRUE,42.0041875,21.3699375,,2020-11-09T09:38:09.607Z
University Clinic of Cardiology,,4.5,4,University hospital,,Mother Teresa 17  Skopje 1000  North Macedonia,XCQ9+8V Skopje North Macedonia,,+389 2 311 3116,Open 24 hours,Open 24 hours,Open 24 hours,Open 24 hours,Open 24 hours,Open 24 hours,Open 24 hours,,FALSE,41.9883125,21.4196875,,2020-11-09T09:38:11.251Z
Emergency clinic Butel 1,,5,1,Hospital,,Skopje 1000  North Macedonia,2CJW+77 Skopje North Macedonia,,+389 2 265 8780,7AM-7PM,7AM-7PM,7AM-7PM,7AM-7PM,7AM-7PM,7AM-7PM,Closed,https://geo3.ggpht.com/cbk?panoid=Am7jmj-CMuPrl2qz6Fe-Ww&output=thumbnail&cb_client=search.gws-prod.gps&thumb=2&w=408&h=240&yaw=90.13212&pitch=0&thumbfov=100,FALSE,42.0306875,21.4456875,,2020-11-09T09:38:12.976Z
Dr.Senait,,,,Dental clinic,,Skopje 1000  North Macedonia,X8WC+2X Skopje North Macedonia,,+389 70 680 038,10AM-6PM,10AM-6PM,10AM-6PM,10AM-6PM,10AM-6PM,Closed,Closed,,TRUE,41.9950625,21.3224375,,2020-11-09T09:38:14.408Z
Dr.Xhoni Dental Clinic,,5,2,Dental clinic,,Skopje 1000  North Macedonia,X8XH+R8 Skopje North Macedonia,,+389 70 863 539,10AM-7PM,10AM-7PM,10AM-7PM,10AM-7PM,10AM-7PM,10AM-3PM,Closed,https://lh5.googleusercontent.com/p/AF1QipNtCmOEUcSAzCV-PLxxXFXigIGPsLKCyRKahvVs=w437-h240-k-no,TRUE,41.9995625,21.3283125,,2020-11-09T09:38:16.999Z
S.A.Dent,,5,3,Dental clinic,,Skopje  North Macedonia,2GH7+F3 Skopje North Macedonia,,+389 78 387 711,8AM-8PM,8AM-8PM,8AM-8PM,8AM-8PM,8AM-8PM,8AM-8PM,Closed,,TRUE,42.0286875,21.5126875,,2020-11-09T09:38:18.422Z
"Veterinarna ambulanta ""Naletoski""",,4.9,29,Veterinarian,,Ul.1244 br.36  Skopje 1000  North Macedonia,2958+7G Skopje North Macedonia,,+389 2 203 6161,9AM-7:30PM,9AM-7:30PM,9AM-7:30PM,9AM-7:30PM,9AM-7:30PM,9AM-2PM,Closed,,TRUE,42.0081875,21.3663125,,2020-11-09T09:38:20.075Z
LEADENT,,,,Dental clinic,,Skopje 1000  North Macedonia,X8XG+3M Skopje North Macedonia,,,9:30AM-4:30PM,9:30AM-4:30PM,9:30AM-4:30PM,9:30AM-4:30PM,9:30AM-4:30PM,10AM-3PM,Closed,https://maps.gstatic.com/tactile/pane/default_geocode-1x.png,FALSE,41.9976875,21.3266875,,2020-11-09T09:38:21.541Z
University Clinic for Toxicology,,5,1,University hospital,,Belgradska 18  Skopje 1000  North Macedonia,XCQC+G4 Skopje North Macedonia,toksikologija.com.mk,+389 2 314 7635,,,,,,,,https://maps.gstatic.com/tactile/pane/default_geocode-1x.png,FALSE,41.9888125,21.4203125,,2020-11-09T09:38:24.554Z
Institut za radiologija,,,,Diagnostic center,,Belgradska 48  Skopje 1000  North Macedonia,XCPC+RR Skopje North Macedonia,,,,,,,,,,,FALSE,41.9870625,21.4220625,,2020-11-09T09:38:26.066Z
University Clinic for Plastic and Reconstructive Surgery,,5,4,University hospital,,Centar  Skopje 1000  North Macedonia,XCQC+MP Skopje North Macedonia,plasticsurgery.com.mk,+389 2 321 1427,,,,,,,,https://maps.gstatic.com/tactile/pane/default_geocode-1x.png,FALSE,41.9891875,21.4218125,,2020-11-09T09:38:28.133Z
PZU D-r Trpceski Jugoslav,,5,2,Dental clinic,,Hristo Tatarchev  Skopje 1000  North Macedonia,XC9X+FG Skopje North Macedonia,,+389 2 614 2735,9AM-7PM,9AM-7PM,9AM-7PM,9AM-7PM,9AM-7PM,9AM-2PM,Closed,,FALSE,41.9686875,21.4488125,,2020-11-09T09:38:29.709Z
Optika Prizma,,5,27,Optician,,Bulevar Vidoe Smilevski Bato  TC Lisa 8  Skopje 1000  North Macedonia,XFJF+C3 Skopje North Macedonia,optikaprizma.com.mk,+389 75 300 848,,,,,,,,,TRUE,41.9810625,21.4726875,,2020-11-09T09:38:31.416Z
Vita Dent,,5,3,Dental clinic,,Skopje 1000  North Macedonia,XFPG+QX Skopje North Macedonia,,+389 2 243 6683,,,,,,,,https://maps.gstatic.com/tactile/pane/default_geocode-1x.png,FALSE,41.9869375,21.4774375,,2020-11-09T09:38:33.254Z
PZU PREMIUM DENT Dental Office,,5,1,Dental clinic,,Centar  Skopje 1000  North Macedonia,XCVC+4C Skopje North Macedonia,premiumdent.com.mk,+389 70 444 111,9AM-7:30PM,9AM-7:30PM,9AM-7:30PM,9AM-7:30PM,9AM-7:30PM,Closed,Closed,,FALSE,41.9928125,21.4210625,,2020-11-09T09:38:34.715Z
Mi-Bo Dent,,,,Dental clinic,,1000  North Macedonia,2CRX+58 Skopje North Macedonia,,,,,,,,,,https://maps.gstatic.com/tactile/pane/default_geocode-1x.png,FALSE,42.0404375,21.4483125,,2020-11-09T09:38:36.158Z
MED-X,,5,2,Diagnostic center,,Ivan Hadzinikolov 155  Drachevo  North Macedonia,WGPF+R3 Drachevo North Macedonia,medx.mk,+389 2 279 2003,8AM-3PM,8AM-3PM,8AM-3PM,8AM-3PM,8AM-3PM,Closed,Closed,,FALSE,41.9370625,21.5226875,,2020-11-09T09:38:38.941Z
PZU D-r VASKO,,,,Dental clinic,,Metodija Andonov - Chento 85  Skopje  North Macedonia,2G42+JQ Skopje North Macedonia,,+389 2 609 1569,8AM-8PM,8AM-8PM,8AM-8PM,8AM-8PM,8AM-8PM,9AM-2PM,Closed,,FALSE,42.0065625,21.5019375,,2020-11-09T09:38:40.593Z
d-r Goran,,,,Dental clinic,,R1104 85  Skopie 1000  North Macedonia,2G42+8G Chento North Macedonia,,+389 74 243 377,7:30AM-8PM,7:30AM-8PM,7:30AM-8PM,7:30AM-8PM,7:30AM-8PM,9AM-6PM,Closed,,FALSE,42.0058125,21.5013125,,2020-11-09T09:38:42.011Z
Poliklinika Ada Med,,,,Medical clinic,,Komandant Bardhi  Kacanik i Vjeter  Kacanik 71000,8GJ376P8+VG,,+383 44 142 393,9AM-8PM,9AM-8PM,9AM-8PM,9AM-8PM,9AM-8PM,9AM-8PM,10AM-6PM,https://maps.gstatic.com/tactile/pane/default_geocode-1x.png,FALSE,42.2871875,21.2163125,,2020-11-09T09:38:43.754Z
SeMed,,5,1,General practitioner,,ul MK  Bledski Dogovor 2  Skopje 1000  North Macedonia,2C32+JX Skopje North Macedonia,,+389 75 253 025,7:30AM-7:30PM,7:30AM-7:30PM,7:30AM-7:30PM,7:30AM-7:30PM,7:30AM-7:30PM,Closed,Closed,,TRUE,42.0040625,21.4024375,,2020-11-09T09:38:45.228Z
Fizio Gram,,2,1,Physical therapy clinic,,28 Nentori  Viti 61000,8995+X6 Viti,,+383 45 885 518,10AM-8PM,10AM-8PM,10AM-8PM,10AM-8PM,12-6PM,12-6PM,10AM-8PM,,TRUE,42.3199375,21.3580625,,2020-11-09T09:38:46.843Z
HemoLab,,,,Medical laboratory,,Majakovski 3  Skopje 1000  North Macedonia,2C28+2V Skopje North Macedonia,hemolab-skopje.business.site,+389 2 311 6269,8AM-8PM,8AM-8PM,8AM-8PM,8AM-8PM,8AM-8PM,9AM-2PM,Closed,,TRUE,42.0000625,21.4171875,,2020-11-09T09:38:50.674Z
Dr. Ancevski,,3.7,40,Dermatologist,,Mitropolit Teodosij Gologanov 28  Skopje 1000  North Macedonia,XCWF+4F Skopje North Macedonia,ancevski.mk,+389 2 321 6608,9AM-8PM,9AM-8PM,9AM-8PM,9AM-8PM,9AM-8PM,10AM-2PM,Closed,,TRUE,41.9953125,21.4236875,,2020-11-09T09:38:52.328Z
D-r Krtolica,,4.4,21,Dentist,,MK  New Delhi Rd 13  Skopje 1000  Skopje 1000  North Macedonia,XCW4+VC Skopje North Macedonia,dr-krtolica.com,+389 2 246 1887,10AM-6PM,10AM-6PM,10AM-6PM,10AM-6PM,9AM-5PM,Closed,Closed,,TRUE,41.9971875,21.4060625,,2020-11-09T09:38:54.044Z
City Medica,,5,4,Medical Center,,Boulevard Ilinden 107 Loc. 5  Skopje 1000  North Macedonia,2C45+GW Skopje North Macedonia,mh-citymedica.mk,+389 2 305 5333,8AM-9PM,8AM-9PM,8AM-9PM,8AM-9PM,8AM-9PM,Closed,Closed,,TRUE,42.0063125,21.4098125,,2020-11-09T09:38:55.674Z
