0,title,rating,category,address,website,phoneNumber,monday,tuesday,wednesday,thursday,friday,saturday,sunday,latitude,longitude
1,Cryo Mk,5,Physical therapy clinic,Boulevard 8-mi Septemvri 6  Skopje 1000  North Macedonia,cryo.mk,+389 70 205 137,8AM-8PM,8AM-8PM,8AM-8PM,8AM-8PM,8AM-8PM,Closed,Closed,41.9988125,21.4040625
2,Denica Eye Clinic,4.5,Hospital,MK  Varsavska 6  Skopje 1000  North Macedonia,denica.mk,+389 2 306 8288,8AM-8PM,8AM-8PM,8AM-8PM,8AM-8PM,8AM-8PM,8AM-2PM,Closed,42.0005625,21.4015625
3,Newborn Clinic,5,Fertility clinic,Boulevard Ilinden 107  Skopje 1000  North Macedonia,newborn.mk,+389 2 273 4350,9AM-5PM,9AM-5PM,9AM-5PM,9AM-5PM,9AM-5PM,9AM-4PM,Closed,42.0064375,21.4095625
4,Department of Neurophysiology,null,Medical clinic,Ul  Belgradska bb  Skopje 1000  1000  North Macedonia,null,null,null,null,null,null,null,null,null,41.9871875,21.4239375
5,PZU Fizioplus Medika - fizikalna terapija i rehabilitacija,5,Physical therapy clinic,Ferid Murati∏  5/1 5  Skopje 1000  North Macedonia,fizioplusmedika.mk,+389 78 355 788,9AM-7PM,9AM-7PM,9AM-7PM,9AM-7PM,9AM-7PM,9AM-2PM,Closed,42.0158125,21.4350625
6,ONE Polyclinic Skopje,5,Medical clinic,MK  Mother Teresa 17 lok.5  Skopje 1000  North Macedonia,onehospital.mk,+389 44 344 414,null,null,null,null,null,null,null,41.9913125,21.4221875
7,Bioinformatics,null,Medical clinic,Todor Aleksandrov 111  Skopje 1000  North Macedonia,bioinformatics.mk,+389 78 364 499,12-8PM,12-8PM,9AM-5PM,9AM-5PM,9AM-5PM,Closed,Closed,41.9820625,21.4215625
8,101 Foot Clinic,3,Medical clinic,Ljubljanska 6  Skopje 1000  North Macedonia,101foot.mk,+389 78 270 954,10AM-6PM,10AM-6PM,10AM-6PM,10AM-6PM,10AM-6PM,10AM-3PM,Closed,42.0059375,21.3925625
9,Dr. Iskra,5,Medical clinic,Majakovski  Skopje 1000  North Macedonia,driskra.mk,+389 2 322 2209,10AM-6PM,10AM-6PM,10AM-6PM,10AM-6PM,10AM-6PM,Closed,Closed,42.0011875,21.4161875
10,""" Mental Health Clinic ""Mladost""",null,Mental health clinic,Blvd. Partizanski Odredi 55  Skopje 1000  North Macedonia,null,null,8AM-5PM,8AM-5PM,8AM-5PM,8AM-5PM,8AM-5PM,Closed,Closed,42.0001875,21.4140625
11,INTERPLUS DENTAL CLINIC,5,Dental clinic,MK  Ankarska 21  Skopje 1000  North Macedonia,null,+389 78 201 024,8AM-3PM,8AM-3PM,1-9PM,1-9PM,8AM-3PM,Closed,Closed,41.9974375,21.4086875
12,PZU DR.LIDIJA ARSOVSKA,4.2,Physical therapy clinic,MK  Tome Arsovski St 49  Skopje 1000  North Macedonia,null,+389 75 440 271,11AM-7PM,11AM-7PM,11AM-7PM,11AM-7PM,11AM-7PM,Closed,Closed,41.9826875,21.4344375
13,Clinical Center Mother Theresa,2.8,Medical clinic,Skopje 1000  North Macedonia,zdravstvo.gov.mk,+389 2 314 7147,Open 24 hours,Open 24 hours,Open 24 hours,Open 24 hours,Open 24 hours,Open 24 hours,Open 24 hours,41.9884375,21.4233125
14,Private Medical Clinic VISAR,4.3,Medical clinic,Pance Nedelkovski∏ 75  Skopje 1000  North Macedonia,null,+389 2 261 5587,8AM-10PM,8AM-10PM,8AM-10PM,8AM-10PM,8AM-10PM,9AM-9PM,12-2PM,42.0130625,21.4433125
15,DR.SRBO - PZU ANGELOVSKI,5,Physical therapy clinic,Mitropolit Teodosij Gologanov 57  Skopje 1000  North Macedonia,akupunkturolog.blogspot.com,+389 75 558 811,8AM-3PM,8AM-3PM,8AM-3PM,8AM-3PM,8AM-3PM,Closed,Closed,41.9945625,21.4196875
16,PZU Primaterapi,null,Physical therapy clinic,Maksim Gorki 8/3  Maksim Gorki  Skopje 1000  North Macedonia,primaterapi.com.mk,+389 2 322 3314,8AM-8PM,8AM-8PM,8AM-8PM,8AM-8PM,8AM-8PM,10AM-3PM,Closed,41.9970625,21.4264375
17,101 Hair Clinic,null,Medical clinic,Ljubljanska 6  Skopje 1000  North Macedonia,101hair.mk,+389 78 270 954,10AM-6PM,10AM-6PM,10AM-6PM,10AM-6PM,10AM-6PM,10AM-3PM,Closed,42.0059375,21.3925625
18,JZU UK za ocni bolesti,null,Ophthalmology clinic,Centar  Skopje 1000  North Macedonia,null,null,null,null,null,null,null,null,null,41.9953125,21.4245625
19,KinetoArt,5,Physical therapy clinic,Elisie Popovski Marko 57  Skopje 1000  North Macedonia,null,+389 77 749 509,10AM-10PM,10AM-10PM,10AM-10PM,10AM-10PM,10AM-10PM,10AM-8PM,10AM-8PM,41.9905625,21.4141875
20,Poliklinika Shkupi,5,Medical clinic,Brsjacka Buna br.22   Skopje 1000  North Macedonia,null,+389 2 614 8100,8AM-9PM,10AM-9PM,8AM-9PM,10AM-9PM,8AM-9PM,10AM-3PM,Closed,42.0344375,21.4266875
21,Clinic of Gastrointestinal Surgery,null,Medical clinic,Mother Teresa  Skopje 1000  North Macedonia,null,null,Open 24 hours,Open 24 hours,Open 24 hours,Open 24 hours,Open 24 hours,Open 24 hours,Open 24 hours,41.9894375,21.4221875
22,University Clinic For Infectious Diseases & Febrile Conditions,1,Medical clinic,Mother Teresa 17  Skopje 1000  North Macedonia,infektivnaklinika.mk,+389 2 322 8224,null,null,null,null,null,null,null,41.9879375,21.4256875
23,Ultramedika,5,Medical Center,MK  Boulevard Ilinden 97  Skopje 1000  North Macedonia,ultramedica.com.mk,+389 2 306 7447,null,null,null,null,null,null,null,42.0061875,21.4149375
24,Centar za bolka masaza i telesno zdravje Dr. Mancheva,null,Physical therapy clinic,1/3  Volgogradska 4  Skopje 1000  North Macedonia,null,+389 77 646 064,10AM-7PM,10AM-7PM,10AM-7PM,10AM-7PM,10AM-7PM,10AM-3PM,Closed,42.0055625,21.3894375
25,101 Body Clinic,null,Medical clinic,Ljubljanska 6  Skopje 1000  North Macedonia,null,+389 78 270 954,10AM-6PM,10AM-6PM,10AM-6PM,10AM-6PM,10AM-6PM,10AM-3PM,Closed,42.0059375,21.3925625
26,Ortodoncija d-r Maja,4.7,Dental clinic,Orce Nikolov 142  Skopje 1000  North Macedonia,zk.mk,+389 2 317 8122,11AM-7PM,11AM-7PM,8AM-4PM,8AM-4PM,8AM-4PM,Closed,Closed,42.0039375,21.4161875
27,SeMed,5,Community health centre,MK  Bledski Dogovor 2  Skopje 1000  North Macedonia,null,+389 75 253 025,7:30AM-7:30PM,7:30AM-7:30PM,7:30AM-7:30PM,7:30AM-7:30PM,7:30AM-7:30PM,Closed,Closed,42.0029375,21.4021875
28,PZU Multimedika,null,Medical clinic,Mito Hadzivasilev Jasmin St  Skopje 1000  North Macedonia,null,+389 2 323 1882,8AM-6PM,8AM-6PM,8AM-6PM,8AM-6PM,8AM-6PM,Closed,Closed,41.9966875,21.4261875
29,Zan Mitrev Clinic,3.9,Hospital,Bledski Dogovor 8  Skopje 1000  North Macedonia,zmc.mk,+389 2 309 1484,Open 24 hours,Open 24 hours,Open 24 hours,Open 24 hours,Open 24 hours,Open 24 hours,Open 24 hours,42.0041875,21.4031875
30,Skinfinity,null,Skin care clinic,Jordan mijalkov 4 MK  Zgrada MedikaS 4 Kat  Skopje 1000  North Macedonia,skinfinity.mk,+389 70 228 143,9AM-8PM,9AM-8PM,9AM-8PM,9AM-8PM,9AM-8PM,9AM-3PM,Closed,41.9918125,21.4239375
31,Ordinanca Fizioterapeutike Neuro-Reha,5,Physical therapy clinic,Skopje 1000  North Macedonia,null,+389 71 728 908,9AM-6PM,9AM-6PM,9AM-6PM,9AM-6PM,9AM-6PM,9AM-6PM,Closed,42.0183125,21.4450625
32,JZU Orthopedic Clinic - Majchin Dom,3.8,Orthopedic clinic,Bulevar ASNOM  Skopje 1000  North Macedonia,null,+389 2 246 0559,7:30AM-3:30PM,7:30AM-3:30PM,7:30AM-3:30PM,7:30AM-3:30PM,7:30AM-3:30PM,Closed,Closed,41.9889375,21.4623125
33,Centar za mentalno zdravje,null,Mental health clinic,Blvd. Partizanski Odredi 55  Skopje 1000  North Macedonia,null,null,8AM-4PM,8AM-4PM,8AM-4PM,8AM-4PM,8AM-4PM,Closed,Closed,42.0010625,21.4125625
34,Ginekovita,5,Obstetrician-gynecologist,Bagdatska 36  (Borka Talevski 68/1)  Skopje 1000  North Macedonia,null,null,7AM-3PM,12-8PM,7AM-3PM,12-8PM,7AM-3PM,Closed,Closed,41.9978125,21.4090625
35,European Ophtalmology Clinic,4,Eye care center,Sremski Front 1  Skopje 1000  North Macedonia,eeh.mk,+389 2 205 0999,null,null,null,null,null,null,null,42.0043125,21.3450625
36,ELAN - Center for Therapy & Education,null,Physical therapy clinic,MK  Strasho Pindjur 7 / 1 - 6  Skopje 1000  North Macedonia,null,null,null,null,null,null,null,null,null,41.9910625,21.4439375
37,Endomak Dental Clinic Skopje,4.3,Dental clinic,Vladimir Komarov 18 a Lokal 8 MK  Skopje 1000  North Macedonia,endomak.mk,+389 2 245 6333,9AM-6PM,9AM-6PM,9AM-6PM,9AM-6PM,9AM-6PM,Closed,Closed,41.9888125,21.4528125
38,Dental Clinic Margita Smileva,4.8,Dental clinic,MK  Gancho Hadzipanzov 18  Skopje 1000  North Macedonia,dentalclinic.mk,+389 70 579 834,9AM-8:30PM,9AM-8:30PM,9AM-8:30PM,9AM-8:30PM,9AM-8:30PM,9AM-3PM,Closed,41.9923125,21.4100625
39,Sistina Ophthalmology,4.4,Hospital,MK  Skupi 5a  Skopje 1000  North Macedonia,sistinaoftalmologija.mk,+389 2 309 7000,8AM-8PM,8AM-8PM,8AM-8PM,8AM-8PM,8AM-8PM,Closed,Closed,42.0140625,21.4036875
40,Bela Dent,null,Dental clinic,Ivan Agovski Ivan Agovski  Skopje 1000  Ivan Agovski Ivan Agovski  Skopje 1000  North Macedonia,null,null,9AM-7PM,9AM-7PM,9AM-7PM,9AM-7PM,9AM-7PM,Closed,Closed,42.0019375,21.4114375
41,Viva Medika,5,Physical therapy clinic,Boulevard Kuzman Josifovski Pitu 15  Skopje 1000  North Macedonia,null,+389 2 246 7777,8AM-6PM,8AM-6PM,8AM-6PM,8AM-6PM,8AM-6PM,Closed,Closed,41.9895625,21.4495625
42,Dr.GoodNight,null,Sleep clinic,MK  Mother Teresa 35 1/1  Skopje 1000  North Macedonia,drgoodnight.mk,+389 75 455 454,9AM-5PM,9AM-5PM,9AM-5PM,9AM-5PM,9AM-5PM,Closed,Closed,41.9904375,21.4220625
43,Gaspar Centar,null,Mental health service,MK  Milan Markovich 48  Skopje 1000  North Macedonia,gasparcentar.com,+389 71 375 700,9AM-8PM,9AM-8PM,9AM-8PM,9AM-8PM,9AM-8PM,9AM-3PM,Closed,41.9934375,21.4010625
44,Dental Office Kotev Dr.Ane,null,Dental clinic,Kozle 93  Skopje 1000  North Macedonia,kotevdental.com.mk,+389 76 231 657,null,null,null,null,null,null,null,41.9950625,21.3944375
45,IN DENT - Family Dental Clinic,5,Dental clinic,Fevruarski Pohod 60 loc.2  Skopje 1000  North Macedonia,business.site,+389 70 696 201,8AM-8PM,8AM-8PM,8AM-8PM,8AM-8PM,8AM-8PM,9AM-2PM,Closed,41.9844375,21.4843125
46,Medikas,4.9,Medical Center,MK  Jordan Mijalkov 4  Skopje 1000  North Macedonia,medikas.com.mk,+389 2 324 6006,7AM-3PM,7AM-3PM,7AM-3PM,7AM-3PM,7AM-3PM,Closed,Closed,41.9919375,21.4238125
47,Stomatoloska ordinacija D-r Sanja Dent,null,Dental clinic,ul Vlae br. 56  Skopje 1000  North Macedonia,null,null,null,null,null,null,null,null,null,42.0073125,21.3753125
48,Titan dent,null,Dental clinic,Ivan Agovski 12  Skopje 1000  North Macedonia,null,null,null,null,null,null,null,null,null,42.0036875,21.4119375
49,Poliklinika Saraj Medikal,5,Medical clinic,Ul. 20 br.77  Skopje MK  1000  North Macedonia,null,+389 2 205 7775,null,null,null,null,null,null,null,41.9979375,21.3264375
50,Blvd Partizanski Odredi 113B,null,Dental clinic,MK  Blvd Partizanski Odredi 113B  Skopje 1000  North Macedonia,null,null,null,null,null,null,null,null,null,42.0028125,21.3911875
51,Prodenta Dental Practice,5,Dental clinic,Reonski Centar Aerodrom 1613str. 6/3 Skopje MK  1000  North Macedonia,prodenta.mk,+389 75 607 070,9AM-8PM,9AM-8PM,9AM-8PM,9AM-8PM,9AM-8PM,9AM-8PM,Closed,41.9805625,21.4715625
52,Dental clinic Dr.Kovacevska,5,Dental clinic,Mother Teresa 2  Skopje 1000  North Macedonia,null,+389 2 312 1011,9AM-7:30PM,9AM-7:30PM,9AM-7:30PM,9AM-7:30PM,9AM-7:30PM,9AM-2PM,Closed,41.9919375,21.4229375
53,Pop Acevi Dental Clinic,5,Dental clinic,8-mi Mart 8a  Skopje 1000  North Macedonia,null,+389 78 202 032,9AM-8PM,9AM-8PM,9AM-8PM,9AM-8PM,9AM-8PM,Closed,Closed,42.0020625,21.4246875
54,Psychotherapist Sinergija,5,Psychotherapist,Orce Nikolov 190 - 3/4  Skopje 1000  North Macedonia,institutsinergija.com,+389 70 257 783,9AM-2PM 5-9PM,9AM-2PM 5-9PM,9AM-2PM 5-9PM,9AM-2PM 5-9PM,9AM-2PM 5-9PM,Closed,Closed,42.0060625,21.4076875
55,Polyclinic Dr Lozankovski,4,Doctor,Veljko Vlahovic 16 a-1  Skopje 1000  North Macedonia,lozankovski.com.mk,+389 2 312 0017,8AM-8PM,8AM-8PM,8AM-8PM,8AM-8PM,8AM-8PM,Closed,Closed,41.9960625,21.4271875
56,Neokorteks-Centar za Psihoterapija Psihodijagnostika Trening i Edukacija,5,Psychologist,Bul. Jane Sandanski Br. 11 1/25 MK  Skopje 1000  North Macedonia,neocortex.mk,+389 75 273 768,10AM-6PM,10AM-6PM,10AM-6PM,10AM-6PM,10AM-6PM,Closed,Closed,41.9898125,21.4603125
57,Ordinanca Stomatologjike F-Dent,5,Dental clinic,MK  John Kennedy 27-1/1  Skopje 1000  North Macedonia,null,+389 70 532 343,10AM-8PM,10AM-8PM,10AM-8PM,10AM-8PM,10AM-8PM,Closed,Closed,42.0128125,21.4343125
58,"Dental Polyclinic ""GJORGJIOSKI""",null,Dental clinic,Boulevard 3-ta Makedonska Brigada br.31-1/2  Skopje 1000  North Macedonia,spg.mk,+389 2 247 0048,8:30AM-8PM,8:30AM-8PM,8:30AM-8PM,8:30AM-8PM,8:30AM-8PM,Closed,Closed,41.9845625,21.4498125
59,PZU Tvoe Zdravje,4.8,Doctor,CHEDOMIR MINDEROVIK  Skopje  North Macedonia,null,+389 72 603 232,8AM-9PM,8AM-9PM,8AM-9PM,8AM-9PM,8AM-9PM,9AM-2PM,Closed,41.9994375,21.4258125
60,Kognicija,null,Psychologist,Varsavska  Skopje 1000  North Macedonia,kognicija.mk,+389 70 249 494,null,null,null,null,null,null,null,41.9995625,21.4009375
61,Dental office,null,Dental clinic,Bul. Partizanski Odredi  Skopje 1000  North Macedonia,null,+389 2 306 2090,null,null,null,null,null,null,null,42.0031875,21.4005625
62,PZU NUR-Specijalisticka Ordinacija Po Fizikalna Medicina I Rehabilitacija,5,Physical therapy clinic,Metodija Andonov - Chento  Skopje  North Macedonia,null,+389 75 461 112,8AM-4PM,8AM-4PM,8AM-4PM,8AM-4PM,8AM-4PM,Closed,Closed,42.0120625,21.5099375
63,Biostart DOOEL Skopje,null,Diagnostic center,Ul. Makedonija No. 22/2  Skopje 1000  North Macedonia,biostart.mk,+389 2 311 1595,9AM-5PM,9AM-5PM,9AM-5PM,9AM-5PM,9AM-5PM,Closed,Closed,41.9949375,21.4313125
64,NOVA DENTAL GROUP,4,Dental clinic,Skopje 1000  North Macedonia,novadental.com.mk,+389 2 206 0666,null,null,null,null,null,null,null,42.0079375,21.3686875
65,PZU ANADENT D-R GENCHOVSKA,5,Dental clinic,Sava Kovachevikj  Portokalova zgrada Ilinden Cesma  Kisela voda br1 lamela 1  lokal 3  Skopje 1000 Skopje MK  1000  North Macedonia,null,+389 78 335 010,11:30AM-7:30PM,11:30AM-7:30PM,11:30AM-7:30PM,11:30AM-7:30PM,9AM-5PM,Closed,Closed,41.9850625,21.4389375
66,Medodent Dental Clinic,null,Dental clinic,Arhiepiskop Dositej 18a  Skopje 1000  North Macedonia,null,+389 2 261 4722,10AM-8PM,10AM-8PM,10AM-8PM,10AM-8PM,10AM-8PM,10AM-2PM,Closed,42.0203125,21.4399375
67,Mediana Dental,5,Dental clinic,Salvador Aljende 73/1  Todor Aleksandrov 85/1  Skopje 1000  North Macedonia,medianadental.com,+389 2 317 6003,Open 24 hours,9AM-5PM,9AM-5PM,9AM-5PM,9AM-5PM,12-5PM,Closed,41.9833125,21.4223125
68,Dento-Medical,5,Dental clinic,Karposh  Skopje 1000  North Macedonia,null,null,null,null,null,null,null,null,null,42.0040625,21.3851875
69,VEGA Smile Solutions,5,Dental clinic,MK  Kozara 33  Skopje 1000  North Macedonia,vega.mk,+389 2 321 0222,8AM-8PM,8AM-8PM,8AM-8PM,8AM-8PM,8AM-8PM,Closed,Closed,41.9913125,21.4175625
70,Dr. Dzambazovski Clinic,null,Medical clinic,ul.52  Volkovo  North Macedonia,null,null,null,null,null,null,null,null,null,42.0346875,21.3424375
71,PZU Helio Medika 2,5,Mental health service,Bul J.Sandanski 59 Skopje MK  1000  North Macedonia,business.site,+389 2 245 5884,null,null,null,null,null,null,null,41.9970625,21.4036875
72,Dr. Nedevi,4,Dental clinic,MK  Stiv Naumov 102-б  Skopje 1000  North Macedonia,fb.me,+389 70 255 231,9AM-4PM,9AM-4PM,9AM-4PM,9AM-4PM,9AM-4PM,9AM-12PM,Closed,41.9903125,21.4365625
73,Slavej,null,Orthotics & prosthetics service,Vasil Gjorgov 47  Skopje 1000  North Macedonia,slavej.mk,+389 2 321 7633,8AM-4PM,8AM-4PM,8AM-4PM,8AM-4PM,8AM-4PM,Closed,Closed,41.9931875,21.4114375
74,Centar za Bioinformatika,5,Hospital,Todor Aleksandrov 111  Skopje 1000  North Macedonia,bioinformatics.mk,+389 78 364 499,9AM-5PM,9AM-5PM,9AM-5PM,9AM-5PM,9AM-5PM,Closed,Closed,41.9756875,21.4066875
75,Pro-Ortos Medical,null,Orthotics & prosthetics service,MK  Mother Teresa 35 lok.1  Skopje 1000  North Macedonia,business.site,+389 75 276 357,null,null,null,null,null,null,null,41.9904375,21.4220625
76,Dentina,5,Dental clinic,MK  Resenska 3  Skopje 1000  North Macedonia,null,+389 2 263 5222,9AM-8PM,9AM-8PM,9AM-8PM,9AM-8PM,9AM-8PM,Closed,Closed,42.0200625,21.4411875
77,Medika Centar,5,Vascular surgeon,Skupi 22  Skopje 1000  North Macedonia,null,+389 2 309 5090,9AM-9PM,9AM-9PM,9AM-9PM,9AM-9PM,9AM-9PM,9AM-9PM,9AM-9PM,42.0180625,21.3826875
78,"Dental clinic with laboratory ""DENTICIJA""",null,Dental clinic,MK  Vasil Gjorgov 18/2-5  Skopje 1000  North Macedonia,null,+389 2 311 8435,10AM-8PM,10AM-8PM,10AM-8PM,10AM-8PM,10AM-8PM,10AM-1PM,Closed,41.9928125,21.4183125
79,DrAfrim,2,Dental clinic,Skopje 1000  North Macedonia,drafrim.com,+389 2 261 8614,9AM-7PM,9AM-7PM,9AM-7PM,9AM-7PM,9AM-7PM,Closed,Closed,42.0054375,21.4416875
80,Eterna LHC,5,Dental clinic,Orce Nikolov 190 1/1  Skopje 1000  North Macedonia,eternalhc.mk,+389 2 309 1470,8AM-8PM,8AM-8PM,8AM-8PM,8AM-8PM,8AM-8PM,9AM-2PM,Closed,42.0058125,21.4074375
81,Licina Dent,null,Dental clinic,MK  Vtora Makedonska Brigada 80  Skopje 1000  North Macedonia,null,+389 2 613 8662,10AM-6PM,10AM-6PM,10AM-6PM,10AM-6PM,10AM-6PM,10AM-3PM,Closed,42.0221875,21.4371875
82,Dental Care Dr. Lukanoski,4.7,Dental clinic,TC Leptokarija  Nikola Rusinski 3b  Skopje 1000  North Macedonia,lukanoski.mk,+389 2 307 9958,8AM-8PM,8AM-8PM,8AM-8PM,8AM-8PM,8AM-8PM,8AM-2PM,Closed,42.0040625,21.3979375
83,OMNIDENT,null,Dental clinic,Chedomir Minderovik 30  Skopje 1000  North Macedonia,null,+389 70 267 002,10AM-6PM,10AM-6PM,10AM-6PM,10AM-6PM,10AM-6PM,Closed,Closed,41.9999375,21.4249375
84,Farmakologija,null,Medical diagnostic imaging center,Unnamed Road  Skopje 1000  North Macedonia,null,null,null,null,null,null,null,null,null,41.9903125,21.4238125
85,Mandala - Psiholoshko Katche,null,Psychotherapist,37 1-6  Hristo Smirnenski  Skopje 1000  North Macedonia,psiholoshkokatche.mk,+389 72 311 677,12-8PM,12-8PM,12-8PM,12-8PM,12-8PM,Closed,Closed,41.9968125,21.4146875
86,EM-Dent&Emergjenca&Em-Farm (Dr.Xhaferi),5,Medical clinic,Street 4 MK  1052  North Macedonia,null,+389 70 903 057,9AM-9PM,9AM-9PM,9AM-9PM,9AM-9PM,9AM-9PM,9AM-5PM,10:30AM-5PM,41.9229375,21.5325625
87,D-r Lukic,null,Dental clinic,Blvd. Partizanski Odredi 87  Skopje 1000  North Macedonia,lukic.mk,+389 2 306 6198,9AM-5PM,9AM-5PM,9AM-5PM,9AM-5PM,9AM-5PM,Closed,Closed,42.0015625,21.4049375
88,Promedika Oftalmologija,null,Eye care center,Ss Cyril & Methodius 50  Skopje 1000  North Macedonia,null,null,null,null,null,null,null,null,null,41.9930625,21.4256875
89,PHI Veritas Medikus,null,Children Policlinic,Ruger Boshkovikj 10  Skopje 1000  North Macedonia,null,null,null,null,null,null,null,null,null,42.0036875,21.4121875
90,Getaldus,null,Eye care center,Moskovska 5  Skopje 1000  North Macedonia,getaldus.mk,+389 2 322 2190,null,null,null,null,null,null,null,42.0016875,21.3904375
91,Meri-Dent,null,Dental clinic,Skopje 1000  North Macedonia,null,+389 2 311 4130,11AM-6:30PM,11AM-6:30PM,11AM-6:30PM,11AM-6:30PM,11AM-6:30PM,Closed,Closed,41.9998125,21.4386875
92,Stomatoloska ordinacija Carcev-Cortanoski,4.7,Dental clinic,ul. 6  lok 2  Varsavska  Skopje 1000  North Macedonia,ccdent.mk,+389 72 270 553,8:30AM-7:30PM,8:30AM-7:30PM,8:30AM-7:30PM,8:30AM-7:30PM,8:30AM-7:30PM,Closed,Closed,42.0001875,21.4030625
93,PZU D-r Milanovski,null,Dental clinic,MK  Boulevard Jane Sandanski  Skopje 1000  North Macedonia,null,+389 78 218 457,11AM-7PM,11AM-7PM,11AM-7PM,11AM-7PM,11AM-7PM,Closed,Closed,41.9830625,21.4683125
94,BIOTEK Laboratory,4.8,Medical laboratory,MK  Vasil Gjorgov no.12  Skopje 1000  North Macedonia,bioteklab.com.mk,+389 78 394 829,7:30AM-4PM,7:30AM-4PM,7:30AM-4PM,7:30AM-4PM,7:30AM-4PM,8AM-3PM,Closed,41.9925625,21.4213125
95,PZU LAZARUS,null,Psychiatrist,Mother Teresa 6  Skopje 1000  North Macedonia,null,+389 2 616 6880,10AM-6PM,10AM-6PM,10AM-6PM,10AM-6PM,10AM-6PM,Closed,Closed,41.9996875,21.4144375
96,PZU Mircevi - Terziovski,null,Dental clinic,Mirche Orovchanec 1  Skopje 1000  North Macedonia,null,+389 2 324 5270,8AM-4PM,12-8PM,12-8PM,8AM-4PM,8AM-4PM,Closed,Closed,41.9998125,21.4138125
97,Dental office D-r Alabakovski,null,Dental clinic,st.Roza Luksemburg no. 19  Skopje 1000  North Macedonia,null,+389 2 204 6405,null,null,null,null,null,null,null,41.9953125,21.4156875
98,Dentamed D-r Kemal Huseinoski,null,Dental clinic,ul. Kosturska broj 2 / 3 - 4 Skopje MK  1000  North Macedonia,dentamed.eu.mk,+389 75 259 125,null,null,null,null,null,null,null,42.0235625,21.4440625
99,Stomatoloska ordinacija D-r Nina,4.3,Dental clinic,Bulevar ASNOM lokal 9  Skopje 1000  North Macedonia,drnina.mk,+389 2 243 0188,null,null,null,null,null,null,null,41.9889375,21.4680625
100,Psychotherapy Services,null,Psychotherapist,MK  Nikola Parapunov 11  Skopje 1000  North Macedonia,null,+389 75 665 449,null,null,null,null,null,null,null,42.0056875,21.3824375
101,Stomatološka ordinacija HAMI AKUDENT,5,Dental clinic,Boulevard Krste Petkov Misirkov 13/5  Skopje 1000  North Macedonia,null,+389 70 843 451,8:30AM-7PM,8:30AM-7PM,8:30AM-7PM,8:30AM-7PM,8:30AM-7PM,9AM-3PM,Closed,42.0004375,21.4394375
102,Magniflex,4.8,Mattress store,Naum Naumovski Borche 87a  Skopje 1000  North Macedonia,magniflex.com.mk,+389 78 700 222,10AM-8PM,10AM-8PM,10AM-8PM,10AM-8PM,10AM-8PM,9AM-4:30PM,Closed,42.0020625,21.4229375
103,Dental Tourism Macedonia,null,Dental clinic,MK  Pandil Shishkov 10  Skopje 1000  North Macedonia,dentaltourismmacedonia.com,+389 78 379 217,10AM-8PM,10AM-8PM,10AM-8PM,10AM-8PM,10AM-8PM,11AM-8PM,Closed,41.9854375,21.4511875
104,Atlas Relax,1,Medical group,Blvd. Partizanski Odredi 155  Skopje 1000  North Macedonia,null,+389 70 999 141,null,null,null,null,null,null,null,42.0079375,21.3688125
105,PZU Dr.Efrem Trpkov,5,Dental clinic,Koce Metalec 1gj  Koce Metalec  Skopje 1000  North Macedonia,null,+389 70 367 333,9AM-5PM,9AM-5PM,9AM-5PM,9AM-5PM,9AM-5PM,9AM-5PM,Closed,42.0096875,21.4599375
106,PZU Dr Ilija Karamanov,5,Dental clinic,MK  Hristo Tatarchev 47 Skopje 1000  North Macedonia,null,+389 75 277 599,8:30AM-7:30PM,8:30AM-7:30PM,8:30AM-3PM,8:30AM-7:30PM,8:30AM-7:30PM,Closed,Closed,41.9766875,21.4444375
107,Derman Dent,5,Dental clinic,MK  John Kennedy 9B  Skopje 1000  North Macedonia,dermandent.com,+389 2 261 4664,9AM-7PM,9AM-7PM,9AM-7PM,9AM-7PM,9AM-7PM,10AM-2PM,Closed,42.0130625,21.4379375
108,Psychotherapist Aspekti Skopje,5,Psychotherapist,Mother Teresa 44  Skopje 1000  North Macedonia,aspekti.mk,+389 71 878 706,null,null,null,null,null,null,null,41.9891875,21.4186875
109,PZU DENTONIK,4,Dental clinic,Bul. Vidoe Smilevski Bato 3 Lokal 7 MK  1000  North Macedonia,null,+389 70 517 400,10AM-6PM,10AM-6PM,10AM-6PM,10AM-6PM,10AM-6PM,Closed,Closed,41.9824375,21.4726875
110,Karadent Skopje,5,Dental clinic,Frederic Chopin 12  Skopje 1000  North Macedonia,karadent.mk,+389 2 311 2989,8:45AM-8PM,8:45AM-8PM,8:45AM-8PM,8:45AM-8PM,8:45AM-8PM,8:45AM-1:30PM,Closed,41.9861875,21.4319375
111,DALIJA - Stomatoloshka Ordinacija,5,Dental clinic,Moskovska 7 - lokal 5  Skopje 1000  North Macedonia,null,+389 70 749 787,9AM-8PM,9AM-8PM,9AM-8PM,9AM-8PM,9AM-8PM,Closed,Closed,42.0019375,21.3901875
112,Avicena Laboratory,4.4,Medical laboratory,Boulevard 8-mi Septemvri  Skopje 1000  North Macedonia,avicenalab.com.mk,+389 2 317 9001,7AM-7:30PM,7AM-7:30PM,7AM-7:30PM,7AM-7:30PM,7AM-7:30PM,7AM-7PM,Closed,41.9976875,21.4041875
113,Histolab,4.4,Diagnostic center,50-ta Divizija 34  Skopje 1000  North Macedonia,histolab.com.mk,+389 2 317 6324,9AM-7PM,9AM-7PM,9AM-7PM,9AM-7PM,9AM-7PM,Closed,Closed,41.9886875,21.4270625
114,PSU Ortodont D-r Chonevska,5,Dentist,Jurij Gagarin br.51 lok 3  Kozle  Skopje 1000  North Macedonia,pzuortodont.business.site,+389 71 227 904,12-8PM,12-8PM,8AM-4PM,12-8PM,8AM-4PM,Closed,Closed,41.9964375,21.3981875
115,Psychological Office Tatjana Takashmanova Sokolovska PhD,5,Psychologist,Rilski Kongres 51  Skopje 1000  North Macedonia,drtakashmanova.mk,+389 2 270 0265,10AM-1PM 2-6PM,10AM-1PM 2-6PM,10AM-1PM 2-6PM,10AM-1PM 2-6PM,10AM-1PM 2-6PM,10AM-3PM,Closed,41.9825625,21.4294375
116,PZU Anadent d-r Genchovska,5,Dental clinic,Hristo Tatarchev br.1 lam.1.lok 3 Chesma MK  1000  North Macedonia,business.site,+389 78 335 010,11:30AM-7:30PM,11:30AM-7:30PM,11:30AM-7:30PM,11:30AM-7:30PM,9AM-5PM,Closed,Closed,41.9851875,21.4388125
117,Dentist Office D-r Lidija Markovski,null,Dentist,Blvd. Partizanski Odredi  Skopje 1000  North Macedonia,null,+389 2 306 6885,10AM-3PM 5:30-8PM,10AM-3PM 5:30-8PM,10AM-3PM 5:30-8PM,10AM-3PM 5:30-8PM,10AM-3PM 5:30-8PM,Closed,Closed,42.0003125,21.4116875
118,Dental office - CHAKAR,4.2,Dental clinic,Mitropolit Teodosij Gologanov 59  Skopje 1000  North Macedonia,null,+389 2 322 9682,9AM-8PM,9AM-8PM,9AM-8PM,9AM-8PM,9AM-8PM,9AM-2PM,Closed,41.9945625,21.4196875
119,ProgenZ,null,Engineering consultant,1 / 9  11 Oktomvri broj 19  Skopje 1000  North Macedonia,progenz.biz,+389 2 324 5056,8AM-4PM,8AM-4PM,8AM-4PM,8AM-4PM,8AM-4PM,Closed,Closed,41.9920625,21.4344375
120,Avicena dijagnostika,5,Diagnostic center,ul. 1551 broj 5B MK  Skopje 1000  North Macedonia,avicena.com.mk,+389 2 307 9700,8:30AM-4:30PM,8:30AM-4:30PM,8:30AM-4:30PM,8:30AM-4:30PM,8:30AM-4:30PM,Closed,Closed,42.0391875,21.3926875
121,Zdravstvena ambulanta Avtokomanda,null,Urgent care center,Skopje 1000  North Macedonia,null,null,null,null,null,null,null,null,null,42.0049375,21.4659375
122,DentiMax Dental Office,5,Dental clinic,9-ti Maj  Skopje 1000  North Macedonia,dentimax.mk,+389 70 787 070,9AM-8PM,9AM-8PM,9AM-8PM,9AM-8PM,9AM-8PM,9AM-2PM,Closed,41.9965625,21.4156875
123,Vizus,5,Ophthalmologist,Macedonia  Skopje 1000  North Macedonia,vizus.com.mk,+389 2 322 6631,9AM-9PM,9AM-9PM,9AM-9PM,9AM-9PM,9AM-9PM,10AM-5PM,Closed,41.9953125,21.4309375
124,Stomatoloska ordinacija Dentallica Dentistry,4.8,Dental clinic,ul. 1613 br. 11 Skopje MK  1000  North Macedonia,business.site,+389 70 930 085,12-8PM,12-8PM,12-8PM,12-8PM,12-8PM,Closed,Closed,41.9790625,21.4761875
125,Kruna MS,1,Dental clinic,2/2 GTC Kej 13ti Noemvri  Skopje 1000  North Macedonia,krunams.com.mk,+389 2 316 6919,9AM-8PM,9AM-8PM,9AM-8PM,9AM-8PM,9AM-8PM,9AM-2PM,Closed,41.9949375,21.4348125
126,PREMIUM DENT D-r. Ilija Videski,5,Dentist,MK  Vasil Gjorgov  Skopje 1000  North Macedonia,premiumdent.com.mk,+389 70 444 111,9AM-7PM,9AM-7PM,9AM-7PM,9AM-7PM,9AM-7PM,Closed,Closed,41.9926875,21.4210625
127,PZU Dent El Stomatoloska Ordinacija,null,Dental clinic,Kukuska 11  Skopje 1000  North Macedonia,null,+389 78 445 384,null,null,null,null,null,null,null,42.0016875,21.4269375
128,VIK DENTAL,null,Dental clinic,Boulevard Saint Clement of Ohrid 2  Skopje 1000  North Macedonia,newpages.com.mk,+389 2 311 2886,null,null,null,null,null,null,null,41.9968125,21.4246875
129,Dental Cosmetic Studio,null,Dental clinic,Nevena Georgieva - Dunja 10  Skopje 1000  North Macedonia,null,+389 78 456 031,10AM-6PM,10AM-6PM,10AM-6PM,10AM-6PM,10AM-6PM,Closed,Closed,41.9860625,21.4340625
130,Stomatoloska ordinacija Dr Slobodan Stankovski,5,Dental clinic,Prashka 13  Skopje 1000  North Macedonia,null,+389 70 268 269,null,null,null,null,null,null,null,41.9981875,21.3978125
131,PZU D-r PETI,null,Dental clinic,Tetovska 35  Skopje 1000  North Macedonia,null,+389 70 777 961,10AM-6PM,10AM-6PM,10AM-6PM,10AM-6PM,10AM-6PM,Closed,Closed,41.9906875,21.4371875
132,Nova Dental Group Clinic,3,Hospital,Skopje 1000  North Macedonia,novadental.com.mk,+389 2 206 0999,9AM-8PM,9AM-8PM,9AM-8PM,9AM-8PM,9AM-8PM,9AM-5PM,Closed,42.0003125,21.4030625
133,PZU Denta Estetika Tim,5,Dental clinic,Skopje 1000  North Macedonia,dentaes.mk,+389 2 277 4918,9AM-9PM,9AM-9PM,9AM-9PM,9AM-9PM,9AM-9PM,Closed,Closed,41.9849375,21.4344375
134,Bio Save,null,Blood bank,Mitropolit Teodosij Gologanov 54/1-1  Skopje 1000  North Macedonia,biosave.mk,+389 2 311 1121,9AM-5PM,9AM-5PM,9AM-5PM,9AM-5PM,9AM-5PM,Closed,Closed,41.9948125,21.4169375
135,Pop Acevi,null,Dental clinic,8-mi Mart 8a  Skopje 1000  North Macedonia,null,+389 2 313 1401,9AM-8PM,9AM-8PM,9AM-8PM,9AM-8PM,9AM-8PM,Closed,Closed,42.0029375,21.4404375
136,VILDENT,4.9,Dental clinic,Varsavska  Skopje 1000  North Macedonia,vildent.mk,+389 2 264 0603,9AM-8PM,9AM-8PM,9AM-8PM,9AM-8PM,9AM-8PM,9AM-1PM,Closed,42.0001875,21.3991875
137,"Qendra Ortopedike ""Ortopro ETER""",5,Hospital,Boca Ivanovska  Skopje 1000  North Macedonia,ortoproeter.com.mk,+389 2 262 2543,8:30AM-4:30PM,8:30AM-4:30PM,8:30AM-4:30PM,8:30AM-4:30PM,8:30AM-4:30PM,Closed,Closed,42.0283125,21.4378125
138,DENTAL CARE-stomatoloska ordinacija,5,Dental clinic,Metodija Shatorov-Sharlo 23/2  Skopje 1000  North Macedonia,null,+389 70 386 882,null,null,null,null,null,null,null,41.9866875,21.4569375
139,Lydia - A Beating Heart,null,Family counselor,11th October St. 44/ 2 - 2  Skopje 1000  North Macedonia,lidija.com.mk,+389 70 231 781,10:30AM-5PM,10:30AM-5PM,10:30AM-5PM,10:30AM-5PM,10:30AM-5PM,Closed,Closed,41.9884375,21.4351875
140,Mozaik Sovetuvaliste,5,Psychologist,Gjorgji Sugare 4  Skopje 1000  North Macedonia,mozaik-sovetuvaliste.mk,+389 75 221 102,9AM-5PM,9AM-5PM,9AM-5PM,9AM-5PM,9AM-5PM,Closed,Closed,41.9793125,21.4458125
141,PZU Kalinka,3,Child psychologist,2b  Naselba Vlae   Franc Rozman  Skopje 1000  North Macedonia,null,+389 2 206 0196,8AM-4PM,8AM-4PM,8AM-4PM,8AM-4PM,8AM-4PM,10AM-1PM,Closed,42.0083125,21.3720625
142,Public Health Facility - Prolet,3.1,Public health department,3rd Macedonian Brigade Blvd 18  Skopje 1000  North Macedonia,null,+389 2 329 8488,null,null,null,null,null,null,null,41.9875625,21.4414375
143,Denta Lux Skopje,5,Dental clinic,Blazo Orlandikj 26A Lisiche  Skopje 1000  North Macedonia,null,+389 2 243 6806,null,null,null,null,null,null,null,41.9765625,21.4655625
144,Dental Art,5,Dental clinic,Adolf Ciborovski St 20/2A  Skopje 1000  North Macedonia,dental-art.com.mk,+389 78 254 030,9AM-8PM,9AM-8PM,9AM-8PM,9AM-8PM,9AM-8PM,Closed,Closed,41.9991875,21.4143125
145,Dental Macedonia,null,Dental clinic,Mito Hadzivasilev-Jasmin  Skopje 1000  North Macedonia,null,+389 78 822 318,9AM-5PM,9AM-5PM,9AM-5PM,9AM-5PM,9AM-5PM,9AM-2PM,Closed,41.9938125,21.4268125
146,DENT THALIA Opsta so Oralna Hirurgija,5,Dental clinic,Krste Asenov 14  Skopje 1000  North Macedonia,business.site,+389 71 226 633,9AM-8PM,9AM-8PM,9AM-8PM,9AM-8PM,9AM-8PM,9AM-3PM,Closed,42.0171875,21.4471875
147,Vizia - Eye center,4.3,Eye care center,1  Nikola Parapunov  Skopje  North Macedonia,vizia.com.mk,+389 2 309 2030,8AM-7PM,8AM-7PM,8AM-7PM,8AM-7PM,8AM-7PM,9AM-1PM,Closed,42.0063125,21.3825625
148,PZU Ortodoncija ñ Stomatoloska ordinacija,5,Dental clinic,Ograzden 2-1/12  Skopje 1000  North Macedonia,null,+389 2 307 1728,9AM-12PM 5-8PM,9AM-12PM 5-8PM,9AM-12PM 5-8PM,9AM-12PM 5-8PM,9AM-12PM 5-8PM,9AM-12PM,Closed,42.0060625,21.3965625
149,Dental Studio Dentistico - Dr. Nineska,4.7,Dental clinic,Boulevard Jane Sandanski 15  Skopje 1000  North Macedonia,dentistskopje.com,+389 71 327 957,11AM-7PM,11AM-7PM,11AM-7PM,11AM-7PM,11AM-7PM,11AM-3PM,Closed,41.9881875,21.4631875
150,University Clinic for Hematology,4,University hospital,Mother Teresa 17  Skopje 1000  North Macedonia,hematologija.org.mk,+389 2 311 1749,Open 24 hours,Open 24 hours,Open 24 hours,Open 24 hours,Open 24 hours,Open 24 hours,Open 24 hours,41.9881875,21.4210625
151,Stomatoloska Ordinacija DENTIKO,5,Dental clinic,ul. Meckin Kamen  Skopje 1000  North Macedonia,null,+389 78 395 211,10AM-8PM,10AM-8PM,10AM-8PM,10AM-8PM,10AM-8PM,9AM-1PM,Closed,42.0073125,21.3499375
152,Rentgen Tolovski,4,Medical diagnostic imaging center,Dimche Mirchev  Skopje 1000  North Macedonia,tolovski.com.mk,+389 2 311 0003,8AM-7PM,8AM-7PM,8AM-7PM,8AM-7PM,8AM-7PM,9AM-2PM,Closed,41.9893125,21.4289375
153,University Clinic for Maxillofacial Surgery,5,University hospital,Vodnjanska 17  Skopje 1000  North Macedonia,null,+389 2 316 3371,Open 24 hours,Open 24 hours,Open 24 hours,Open 24 hours,Open 24 hours,Open 24 hours,Open 24 hours,41.9890625,21.4239375
154,Ekstra Dental,5,Dental clinic,ul. Metodija Shatorov Sharlo br.12  Skopje 1000  North Macedonia,ekstra-dental.business.site,+389 71 243 349,null,null,null,null,null,null,null,41.9855625,21.4555625
155,P.Z.U D-r Kristijan,5,Dental clinic,Bardovtsi  North Macedonia,null,+389 71 350 394,10AM-6PM,10AM-6PM,10AM-6PM,10AM-6PM,10AM-6PM,Closed,Closed,42.0258125,21.3799375
156,OZONE Hair Clinic MK,null,Hospital,Xhon Kenedi 27  Skopie 1000  Skopie 1000  North Macedonia,null,+389 71 763 776,null,null,null,null,null,null,null,42.0126875,21.4335625
157,University Clinic of Radiotherapy & Oncology,4.3,University hospital,Mother Teresa  Skopje 1000  North Macedonia,oncology.org.mk,+389 2 314 7874,null,null,null,null,null,null,null,41.9901875,21.4210625
158,University Clinic of Psychiatry,3.7,University hospital,Mother Teresa 17  Skopje 1000  North Macedonia,null,+389 2 311 2579,null,null,null,null,null,null,null,41.9868125,21.4265625
159,University Clinic Of Dermatovenerology,null,Hospital,Skopje 1000  North Macedonia,null,null,null,null,null,null,null,null,null,41.9883125,21.4203125
160,University Clinic for Pediatric Diseases,5,University hospital,Mother Teresa Str. 17  Skopje 1000  North Macedonia,ukdetskibolesti.mk,+389 2 322 9156,Open 24 hours,Open 24 hours,Open 24 hours,Open 24 hours,Open 24 hours,Open 24 hours,Open 24 hours,41.9875625,21.4215625
161,Pzu Markoski,5,Dental clinic,Rudi Chajavec 37  Skopje 1000  North Macedonia,null,+389 2 246 4411,8AM-7PM,8AM-7PM,8AM-7PM,8AM-7PM,8AM-7PM,8AM-2PM,Closed,41.9886875,21.4495625
162,Tree Dental,5,Dental clinic,Boulevard Kuzman Josifovski Pitu 22  Skopje 1000  North Macedonia,null,null,null,null,null,null,null,null,null,41.9893125,21.4475625
163,Picasso Dental Studio,5,Dental clinic,Boulevard Jane Sandanski 107-2-1  Skopje 1000  North Macedonia,null,+389 2 609 0979,10AM-7PM,10AM-7PM,10AM-7PM,10AM-7PM,10AM-7PM,Closed,Closed,41.9841875,21.4706875
164,Civkaroski,null,Family counselor,Hristo Tatarchev 47 k  Skopje 1000  North Macedonia,null,+389 77 602 007,null,null,null,null,null,null,null,41.9764375,21.4473125
165,University Clinic of Gastroenterohepatology,5,Hospital,Majka Tereza 17  Centar  Skopje 1000  North Macedonia,null,null,Open 24 hours,Open 24 hours,Open 24 hours,Open 24 hours,Open 24 hours,Open 24 hours,Open 24 hours,41.9883125,21.4206875
166,Tehnolab ltd Skopje,null,Environmental consultant,bvd.Kuzman Josifovski Pitu  Boulevard Kuzman Josifovski Pitu 28/3-24  Skopje 1000  North Macedonia,tehnolab.com.mk,+389 2 244 8058,8AM-4PM,8AM-4PM,8AM-4PM,8AM-4PM,8AM-4PM,Closed,Closed,41.9885625,21.4498125
167,Poliklinika Blagoevski,4.2,Dental clinic,Skopje 1000  North Macedonia,blagoevski.com.mk,+389 70 341 990,null,null,null,null,null,null,null,41.9850625,21.4340625
168,Dental & facial aesthetic clinic D-r Bibi Rizes,null,Doctor,Maksim Gorki 8  Skopje 1000  North Macedonia,null,null,null,null,null,null,null,null,null,41.9970625,21.4265625
169,RZTK Hemiska laboratorija,5,X-ray lab,Gemidziska  Skopje 1000  North Macedonia,rztk.com.mk,+389 2 328 7691,null,null,null,null,null,null,null,42.0171875,21.4634375
170,PZU Dr. Zikica Gjorgjievski | Stomatoloska Ordinacija - Zabar | Stomatolog,5,Dental clinic,Voin Drashkovikj no. 33  Skopje 1000  North Macedonia,dentist.com.mk,+389 2 615 2948,8AM-9PM,8AM-9PM,8AM-9PM,8AM-9PM,8AM-9PM,8AM-7PM,Closed,42.0041875,21.3699375
171,University Clinic of Cardiology,4.5,University hospital,Mother Teresa 17  Skopje 1000  North Macedonia,null,+389 2 311 3116,Open 24 hours,Open 24 hours,Open 24 hours,Open 24 hours,Open 24 hours,Open 24 hours,Open 24 hours,41.9883125,21.4196875
172,Emergency clinic Butel 1,5,Hospital,Skopje 1000  North Macedonia,null,+389 2 265 8780,7AM-7PM,7AM-7PM,7AM-7PM,7AM-7PM,7AM-7PM,7AM-7PM,Closed,42.0306875,21.4456875
173,Dr.Senait,null,Dental clinic,Skopje 1000  North Macedonia,null,+389 70 680 038,10AM-6PM,10AM-6PM,10AM-6PM,10AM-6PM,10AM-6PM,Closed,Closed,41.9950625,21.3224375
174,Dr.Xhoni Dental Clinic,5,Dental clinic,Skopje 1000  North Macedonia,null,+389 70 863 539,10AM-7PM,10AM-7PM,10AM-7PM,10AM-7PM,10AM-7PM,10AM-3PM,Closed,41.9995625,21.3283125
175,S.A.Dent,5,Dental clinic,Skopje  North Macedonia,null,+389 78 387 711,8AM-8PM,8AM-8PM,8AM-8PM,8AM-8PM,8AM-8PM,8AM-8PM,Closed,42.0286875,21.5126875
176,"Veterinarna ambulanta ""Naletoski""",4.9,Veterinarian,Ul.1244 br.36  Skopje 1000  North Macedonia,null,+389 2 203 6161,9AM-7:30PM,9AM-7:30PM,9AM-7:30PM,9AM-7:30PM,9AM-7:30PM,9AM-2PM,Closed,42.0081875,21.3663125
177,LEADENT,null,Dental clinic,Skopje 1000  North Macedonia,null,null,9:30AM-4:30PM,9:30AM-4:30PM,9:30AM-4:30PM,9:30AM-4:30PM,9:30AM-4:30PM,10AM-3PM,Closed,41.9976875,21.3266875
178,University Clinic for Toxicology,5,University hospital,Belgradska 18  Skopje 1000  North Macedonia,toksikologija.com.mk,+389 2 314 7635,null,null,null,null,null,null,null,41.9888125,21.4203125
179,Institut za radiologija,null,Diagnostic center,Belgradska 48  Skopje 1000  North Macedonia,null,null,null,null,null,null,null,null,null,41.9870625,21.4220625
180,University Clinic for Plastic and Reconstructive Surgery,5,University hospital,Centar  Skopje 1000  North Macedonia,plasticsurgery.com.mk,+389 2 321 1427,null,null,null,null,null,null,null,41.9891875,21.4218125
181,PZU D-r Trpceski Jugoslav,5,Dental clinic,Hristo Tatarchev  Skopje 1000  North Macedonia,null,+389 2 614 2735,9AM-7PM,9AM-7PM,9AM-7PM,9AM-7PM,9AM-7PM,9AM-2PM,Closed,41.9686875,21.4488125
182,Optika Prizma,5,Optician,Bulevar Vidoe Smilevski Bato  TC Lisa 8  Skopje 1000  North Macedonia,optikaprizma.com.mk,+389 75 300 848,null,null,null,null,null,null,null,41.9810625,21.4726875
183,Vita Dent,5,Dental clinic,Skopje 1000  North Macedonia,null,+389 2 243 6683,null,null,null,null,null,null,null,41.9869375,21.4774375
184,PZU PREMIUM DENT Dental Office,5,Dental clinic,Centar  Skopje 1000  North Macedonia,premiumdent.com.mk,+389 70 444 111,9AM-7:30PM,9AM-7:30PM,9AM-7:30PM,9AM-7:30PM,9AM-7:30PM,Closed,Closed,41.9928125,21.4210625
185,Mi-Bo Dent,null,Dental clinic,1000  North Macedonia,null,null,null,null,null,null,null,null,null,42.0404375,21.4483125
186,MED-X,5,Diagnostic center,Ivan Hadzinikolov 155  Drachevo  North Macedonia,medx.mk,+389 2 279 2003,8AM-3PM,8AM-3PM,8AM-3PM,8AM-3PM,8AM-3PM,Closed,Closed,41.9370625,21.5226875
187,PZU D-r VASKO,null,Dental clinic,Metodija Andonov - Chento 85  Skopje  North Macedonia,null,+389 2 609 1569,8AM-8PM,8AM-8PM,8AM-8PM,8AM-8PM,8AM-8PM,9AM-2PM,Closed,42.0065625,21.5019375
188,d-r Goran,null,Dental clinic,R1104 85  Skopie 1000  North Macedonia,null,+389 74 243 377,7:30AM-8PM,7:30AM-8PM,7:30AM-8PM,7:30AM-8PM,7:30AM-8PM,9AM-6PM,Closed,42.0058125,21.5013125
189,Poliklinika Ada Med,null,Medical clinic,Komandant Bardhi  Kacanik i Vjeter  Kacanik 71000,null,+383 44 142 393,9AM-8PM,9AM-8PM,9AM-8PM,9AM-8PM,9AM-8PM,9AM-8PM,10AM-6PM,42.2871875,21.2163125
190,SeMed,5,General practitioner,ul MK  Bledski Dogovor 2  Skopje 1000  North Macedonia,null,+389 75 253 025,7:30AM-7:30PM,7:30AM-7:30PM,7:30AM-7:30PM,7:30AM-7:30PM,7:30AM-7:30PM,Closed,Closed,42.0040625,21.4024375
191,Fizio Gram,2,Physical therapy clinic,28 Nentori  Viti 61000,null,+383 45 885 518,10AM-8PM,10AM-8PM,10AM-8PM,10AM-8PM,12-6PM,12-6PM,10AM-8PM,42.3199375,21.3580625
192,HemoLab,null,Medical laboratory,Majakovski 3  Skopje 1000  North Macedonia,hemolab-skopje.business.site,+389 2 311 6269,8AM-8PM,8AM-8PM,8AM-8PM,8AM-8PM,8AM-8PM,9AM-2PM,Closed,42.0000625,21.4171875
193,Dr. Ancevski,3.7,Dermatologist,Mitropolit Teodosij Gologanov 28  Skopje 1000  North Macedonia,ancevski.mk,+389 2 321 6608,9AM-8PM,9AM-8PM,9AM-8PM,9AM-8PM,9AM-8PM,10AM-2PM,Closed,41.9953125,21.4236875
194,D-r Krtolica,4.4,Dentist,MK  New Delhi Rd 13  Skopje 1000  Skopje 1000  North Macedonia,dr-krtolica.com,+389 2 246 1887,10AM-6PM,10AM-6PM,10AM-6PM,10AM-6PM,9AM-5PM,Closed,Closed,41.9971875,21.4060625
195,City Medica,5,Medical Center,Boulevard Ilinden 107 Loc. 5  Skopje 1000  North Macedonia,mh-citymedica.mk,+389 2 305 5333,8AM-9PM,8AM-9PM,8AM-9PM,8AM-9PM,8AM-9PM,Closed,Closed,42.0063125,21.4098125
